PK;NOMBRE;DESCRIPCION-ENTIDAD;HORARIO;EQUIPAMIENTO;TRANSPORTE;DESCRIPCION;ACCESIBILIDAD;CONTENT-URL;NOMBRE-VIA;CLASE-VIAL;TIPO-NUM;NUM;PLANTA;PUERTA;ESCALERAS;ORIENTACION;LOCALIDAD;PROVINCIA;CODIGO-POSTAL;BARRIO;DISTRITO;COORDENADA-X;COORDENADA-Y;LATITUD;LONGITUD;TELEFONO;FAX;EMAIL;TIPO;
2392;"Auditorio al aire libre Berlín";" Su mantenimiento es competencia de la Junta de Distrito de Chamartín.   Actividades : espectáculos variados durante los meses de verano. ";"";"";" Metro: Concha Espina (línea 9)  Bus: 16, 29, 52 ";"";"0";"http://www.madrid.es/vgn-ext-templating/v/index.jsp?vgnextchannel=9e4c43db40317010VgnVCM100000dc0ca8c0RCRD&vgnextoid=34137b503a71c010VgnVCM1000000b205a0aRCRD";"SAN ERNESTO";"CALLE";"V";"2";"";"";"";"";"MADRID";"MADRID";"28002";"CIUDAD JARDIN";"CHAMARTIN";"442705";"4478046";"40.44922827996293";"-3.6769497658700185";"";"";"";"/contenido/entidadesYorganismos/AuditoriosSalasConcierto"; 
2395;"Auditorio al aire libre. Centro Cultural el Pozo";" Su mantenimiento es competencia de la Junta de Puente de Vallecas.   Actividades : espectáculos variados durante los meses de verano. ";"";"";" Bus: 24 , 102  Renfe: El Pozo ";"";"0";"http://www.madrid.es/vgn-ext-templating/v/index.jsp?vgnextchannel=9e4c43db40317010VgnVCM100000dc0ca8c0RCRD&vgnextoid=8cd27b503a71c010VgnVCM1000000b205a0aRCRD";"ANDALUCES DEL POZO";"CALLE";"V";"1";"";"";"";"";"MADRID";"MADRID";"28053";"ENTREVIAS";"PUENTE DE VALLECAS";"444014";"4469470";"40.37205115069376";"-3.6607696928316744";"";"";"";"/contenido/entidadesYorganismos/AuditoriosSalasConcierto"; 
2396;"Auditorio al aire libre. Entrevías";" Su mantenimiento es competencia de la Junta de Puente de Vallecas.   Actividades : espectáculos variados durante los meses de verano. ";"";"";" Bus: 111, 102  Renfe: Asamblea de Madrid - Entrevías. ";"";"0";"http://www.madrid.es/vgn-ext-templating/v/index.jsp?vgnextchannel=9e4c43db40317010VgnVCM100000dc0ca8c0RCRD&vgnextoid=1fe27b503a71c010VgnVCM1000000b205a0aRCRD";"SUR";"RONDA";"V";"8";"";"";"";"Altura calle Montánchez";"MADRID";"MADRID";"28053";"ENTREVIAS";"PUENTE DE VALLECAS";"443119";"4469620";"40.37253969509114";"-3.6698091602059613";"";"";"";"/contenido/entidadesYorganismos/AuditoriosSalasConcierto"; 
122296;"Auditorio al aire libre. Jardín Campo del Toro";" Su mantenimiento es competencia de la Junta de Distrito de Puente de Vallecas.   Actividades : espectáculos variados durante los meses de verano. ";"";"";" Metro: Miguel Hernández (línea 1)  Bus: 54, 144 ";"";"0";"http://www.madrid.es/vgn-ext-templating/v/index.jsp?vgnextchannel=9e4c43db40317010VgnVCM100000dc0ca8c0RCRD&vgnextoid=7d03cbf06c81c010VgnVCM1000000b205a0aRCRD";"RAFAEL ALBERTI";"AVENIDA";"V";"9";"";"";"";"";"MADRID";"MADRID";"28038";"PALOMERAS SURESTE";"PUENTE DE VALLECAS";"445976";"4471586";"40.391243183343065";"-3.6378399212215826";"";"";"";"/contenido/entidadesYorganismos/AuditoriosSalasConcierto"; 
122325;"Auditorio al aire libre. Parque Alcalde Carlos Arias";" Su mantenimiento es competencia de la Junta de Distrito de Latina.   Actividades : espectáculos variados durante los meses de verano ";"";"";" Metro: Aluche y empalme (línea 5)  Bus: 25, 121, 138   RENFE: Aluche ";"";"0";"http://www.madrid.es/vgn-ext-templating/v/index.jsp?vgnextchannel=9e4c43db40317010VgnVCM100000dc0ca8c0RCRD&vgnextoid=0023cbf06c81c010VgnVCM1000000b205a0aRCRD";"ILLESCAS";"CALLE";"V";"149";"";"";"";"";"MADRID";"MADRID";"28047";"ALUCHE";"LATINA";"435664";"4471826";"40.392680212409495";"-3.7593572957930554";"";"";"";"/contenido/entidadesYorganismos/AuditoriosSalasConcierto"; 
2393;"Auditorio al aire libre. Parque Cerro Almodóvar";" Su mantenimiento es competencia de la Junta de Distrito de Latina.   Actividades : espectáculos variados durante los meses de verano ";"";"";" Metro: Laguna (línea 6)  Cercanías: Laguna (línea C5)  Bus: 25, 31, 119, 55   ";"";"0";"http://www.madrid.es/vgn-ext-templating/v/index.jsp?vgnextchannel=9e4c43db40317010VgnVCM100000dc0ca8c0RCRD&vgnextoid=eb437b503a71c010VgnVCM1000000b205a0aRCRD";"MARCELINO CASTILLO";"CALLE";"V";"29";"";"";"";"";"MADRID";"MADRID";"28047";"ALUCHE";"LATINA";"436909";"4471985";"40.39420802732146";"-3.744692836307442";"";"";"";"/contenido/entidadesYorganismos/AuditoriosSalasConcierto"; 
2399;"Auditorio al aire libre. Parque de Canillejas";" Su mantenimiento es competencia de la Junta de Distrito de San Blas - Canillejas.   Actividades : espectáculos variados durante los meses de verano. ";"";"";" Metro: Torre Arias (línea 5)  Bus: 28, 48 ";"";"0";"http://www.madrid.es/vgn-ext-templating/v/index.jsp?vgnextchannel=9e4c43db40317010VgnVCM100000dc0ca8c0RCRD&vgnextoid=59337b503a71c010VgnVCM1000000b205a0aRCRD";"NECTAR";"CALLE";"V";"32";"";"";"";"";"MADRID";"MADRID";"28022";"CANILLEJAS";"SAN BLAS-CANILLEJAS";"448278";"4477271";"40.44260378345522";"-3.6111693057729117";"";"";"";"/contenido/entidadesYorganismos/AuditoriosSalasConcierto"; 
122295;"Auditorio al aire libre. Parque de La Bombilla";" Su mantenimiento es competencia de la Junta de Distrito de Moncloa - Aravaca.   Actividades : espectáculos variados durante los meses de verano. ";"";"";" Metro: Arg&uuml;elles (líneas 3, 4 y 6)  Bus: 41, 46, 75 ";"";"0";"http://www.madrid.es/vgn-ext-templating/v/index.jsp?vgnextchannel=9e4c43db40317010VgnVCM100000dc0ca8c0RCRD&vgnextoid=9233cbf06c81c010VgnVCM1000000b205a0aRCRD";"SAN ANTONIO DE LA FLORIDA";"GLORIETA";"V";"9";"";"";"";"";"MADRID";"MADRID";"28008";"CASA DE CAMPO";"MONCLOA-ARAVACA";"438527";"4475507";"40.426047943114646";"-3.725969994297979";"";"";"";"/contenido/entidadesYorganismos/AuditoriosSalasConcierto"; 
2387;"Auditorio al aire libre. Parque de la Vaguada";"";"";"Templete de Música";" Metro: Peña Grande (línea 7), Barrio del Pilar (línea 9)  Bus: 49 , 67 , 83 , 124 , 128 , 132 , 133 , 137 ";"  Mantenimiento :   Área   de Gobierno de Medio Ambiente y Movilidad ";"0";"http://www.madrid.es/vgn-ext-templating/v/index.jsp?vgnextchannel=9e4c43db40317010VgnVCM100000dc0ca8c0RCRD&vgnextoid=7e537b503a71c010VgnVCM1000000b205a0aRCRD";"VAGUADA";"PASEO";"V";"13";"";"";"";"Avenida de Betanzos con Paseo de la Vaguada";"MADRID";"MADRID";"28029";"EL PILAR";"FUENCARRAL-EL PARDO";"439821";"4481504";"40.48016602497203";"-3.7112978051427574";"";"";"";"/contenido/entidadesYorganismos/AuditoriosSalasConcierto"; 
2398;"Auditorio al aire libre. Parque de la Vicalvarada";" Su mantenimiento es competencia de la Junta de Distrito de Vicálvaro.   Actividades : espectáculos variados durante los meses de verano. ";"";"";"Bus: 4, 100, 106, 130";"";"0";"http://www.madrid.es/vgn-ext-templating/v/index.jsp?vgnextchannel=9e4c43db40317010VgnVCM100000dc0ca8c0RCRD&vgnextoid=01737b503a71c010VgnVCM1000000b205a0aRCRD";"VILLABLANCA";"CALLE";"V";"1";"";"";"";"";"MADRID";"MADRID";"28032";"AMBROZ";"VICALVARO";"448471";"4473573";"40.40930182229157";"-3.608605091516184";"";"";"";"/contenido/entidadesYorganismos/AuditoriosSalasConcierto"; 
2394;"Auditorio al aire libre. Parque de las Cruces";" Su mantenimiento es competencia de la Junta de Distrito de Latina. Está situado junto al estanque del Parque.   Actividades : espectáculos variados durante los meses de verano ";"";"";" Metro: Aluche (línea 5)  Bus: 121, 131, 139, 155, 34  Cercanías: Aluche (línea C5) ";"";"0";"http://www.madrid.es/vgn-ext-templating/v/index.jsp?vgnextchannel=9e4c43db40317010VgnVCM100000dc0ca8c0RCRD&vgnextoid=93837b503a71c010VgnVCM1000000b205a0aRCRD";"POBLADOS";"AVENIDA";"V";"68";"";"";"";"Frente al nº 68 de la Avenida de los Poblados";"MADRID";"MADRID";"28044";"LAS AGUILAS";"LATINA";"435643";"4470804";"40.38346299017235";"-3.759501184000619";"";"";"";"/contenido/entidadesYorganismos/AuditoriosSalasConcierto"; 
52514;"Auditorio al aire libre. Parque de Olof Palme";" Su mantenimiento es competencia de la Junta de Distrito de Usera.   Actividades : espectáculos variados durante los meses de verano. ";"";"";" Metro: Plaza Elíptica (líneas 6, 11)  Bus: 6, 47, 55, 60, 78, 81, 116, 247  ";"";"0";"http://www.madrid.es/vgn-ext-templating/v/index.jsp?vgnextchannel=9e4c43db40317010VgnVCM100000dc0ca8c0RCRD&vgnextoid=1185946be351c010VgnVCM2000000c205a0aRCRD";"CERECINOS";"CALLE";"V";"1";"";"";"";"";"MADRID";"MADRID";"28026";"ZOFIO";"USERA";"439636";"4470909";"40.38439900273861";"-3.7129519968429445";"";"";"";"/contenido/entidadesYorganismos/AuditoriosSalasConcierto"; 
6622017;"Auditorio al aire libre. Parque de Pradolongo";" Su mantenimiento es competencia de la Junta de Distrito de Usera.   Actividades : espectáculos variados durante los meses de verano. ";"";"";" Metro: San Fermín-Orcasur (línea 3)  Renfe: Orcasitas (línea 5)  Bus: 81, 121 ";"";"0";"http://www.madrid.es/vgn-ext-templating/v/index.jsp?vgnextchannel=9e4c43db40317010VgnVCM100000dc0ca8c0RCRD&vgnextoid=0bae296aa2c9a310VgnVCM2000000c205a0aRCRD";"POBLADOS";"AVENIDA";"V";"169";"";"";"";"";"MADRID";"MADRID";"28041";"PRADOLONGO";"USERA";"440107";"4469492";"40.3719863231287";"-3.7067784594450583";"";"";"";"/contenido/entidadesYorganismos/AuditoriosSalasConcierto"; 
2389;"Auditorio al aire libre. Parque del Calero";"";"";"";" Metro: Quintana (línea 5), El Carmen (línea 5)  Bus: 21 , 48 , 146 ";"  Mantenimiento :   Dependiente de la Junta Municipal de Distrito de Ciudad Lineal ";"0";"http://www.madrid.es/vgn-ext-templating/v/index.jsp?vgnextchannel=9e4c43db40317010VgnVCM100000dc0ca8c0RCRD&vgnextoid=c6237b503a71c010VgnVCM1000000b205a0aRCRD";"JOSE DEL HIERRO";"CALLE";"V";"3";"";"";"";"";"MADRID";"MADRID";"28027";"CONCEPCION";"CIUDAD LINEAL";"444945";"4476594";"40.43629048801827";"-3.6504213176387332";"915 887 538 (información) (Unidad de Actividades Culturales, Formativas y Deportivas)";"";"cultuclineal@madrid.es";"/contenido/entidadesYorganismos/AuditoriosSalasConcierto"; 
2388;"Auditorio al aire libre. Parque Enrique Tierno Galván";" Su mantenimiento es competencia de la Junta de Distrito de Arganzuela.   Actividades : espectáculos variados durante los meses de verano ";"";"";" Metro: Méndez Alvaro (línea 6)  Bus: 148, 156  Renfe: Méndez Alvaro (línea C1, C5, C7, C10) ";"";"0";"http://www.madrid.es/vgn-ext-templating/v/index.jsp?vgnextchannel=9e4c43db40317010VgnVCM100000dc0ca8c0RCRD&vgnextoid=26937b503a71c010VgnVCM1000000b205a0aRCRD";"PLANETARIO";"AVENIDA";"V";"18";"";"";"";"";"MADRID";"MADRID";"28045";"LEGAZPI";"ARGANZUELA";"441939";"4471582";"40.390944081814816";"-3.685391155439898";"";"";"";"/contenido/entidadesYorganismos/AuditoriosSalasConcierto"; 
6622049;"Auditorio al aire libre. Parque Lineal Manzanares";" Su mantenimiento es competencia de la Junta de Distrito de Usera.   Actividades : espectáculos variados durante los meses de verano. ";"";"";" Metro: Hospital 12 de Octubre (línea 3)  Renfe: Doce de Octubre (línea 5)  Bus: 23, 78, 123 ";"";"0";"http://www.madrid.es/vgn-ext-templating/v/index.jsp?vgnextchannel=9e4c43db40317010VgnVCM100000dc0ca8c0RCRD&vgnextoid=6fb3296aa2c9a310VgnVCM2000000c205a0aRCRD";"PERALES";"CAMINO";"V";"5";"";"";"";"";"MADRID";"MADRID";"28026";"SAN FERMIN";"USERA";"441468";"4470252";"40.37892061189068";"-3.6908296272024077";"";"";"";"/contenido/entidadesYorganismos/AuditoriosSalasConcierto"; 
52510;"Auditorio al aire libre. Pavones";" Su mantenimiento es competencia de la Junta de Distrito de Moratalaz.   Actividades : espectáculos variados durante los meses de verano ";"";"";" Metro: Pavones (línea 9)  Bus: 8, 20, 30, 32, 100, 140, 142, 144, 71 ";"";"0";"http://www.madrid.es/vgn-ext-templating/v/index.jsp?vgnextchannel=9e4c43db40317010VgnVCM100000dc0ca8c0RCRD&vgnextoid=3845946be351c010VgnVCM2000000c205a0aRCRD";"HACIENDA DE PAVONES";"CALLE";"V";"209";"";"";"";"";"MADRID";"MADRID";"28030";"VINATEROS";"MORATALAZ";"446047";"4472715";"40.40142760716397";"-3.6370875655785446";"";"";"";"/contenido/entidadesYorganismos/AuditoriosSalasConcierto"; 
2397;"Auditorio al aire libre. Pilar García Peña (Parque Pinar del Rey)";" Su mantenimiento es competencia de la Junta de Distrito de Hortaleza.   Actividades : espectáculos variados durante los meses de verano. ";"";"Acceso para minusválidos";" Metro: Arturo Soria (línea 4)  Bus: 9, 72, 73 ";"";"0";"http://www.madrid.es/vgn-ext-templating/v/index.jsp?vgnextchannel=9e4c43db40317010VgnVCM100000dc0ca8c0RCRD&vgnextoid=b8a37b503a71c010VgnVCM1000000b205a0aRCRD";"CANILLAS";"CARRETERA";"V";"1";"";"";"";"";"MADRID";"MADRID";"28043";"CANILLAS";"HORTALEZA";"444463";"4479602";"40.46335596968574";"-3.65636755952747";"";"";"";"/contenido/entidadesYorganismos/AuditoriosSalasConcierto"; 
52515;"Auditorio al aire libre. Plaza de Ermua";" Su mantenimiento es competencia de la Junta de Distrito de Usera.   Actividades : espectáculos variados durante los meses de verano. ";"";"";" Metro: San Fermín-Orcasur (línea 3)  Renfe: Orcasitas (línea 5)  Bus: 6, 60, 116, 121, 131 ";"";"0";"http://www.madrid.es/vgn-ext-templating/v/index.jsp?vgnextchannel=9e4c43db40317010VgnVCM100000dc0ca8c0RCRD&vgnextoid=c8b5946be351c010VgnVCM2000000c205a0aRCRD";"GUETARIA";"CALLE";"V";"56";"";"";"";"";"MADRID";"MADRID";"28041";"ORCASITAS";"USERA";"439336";"4469480";"40.37181328202843";"-3.7158701313563736";"";"";"";"/contenido/entidadesYorganismos/AuditoriosSalasConcierto"; 
5452036;"Auditorio al aire libre. Quiosco de Música - Templete";" Su mantenimiento es competencia de la Junta de Distrito de Latina.   Actividades : espectáculos variados durante los meses de verano ";"";"";" Metro: Puerta del Ángel (línea 6)  Bus: 46, 160, 161, A ";"";"0";"http://www.madrid.es/vgn-ext-templating/v/index.jsp?vgnextchannel=9e4c43db40317010VgnVCM100000dc0ca8c0RCRD&vgnextoid=b6013e3860594210VgnVCM2000000c205a0aRCRD";"HUARTE DE SAN JUAN";"PLAZA";"V";"1";"";"";"";"";"MADRID";"MADRID";"28011";"PUERTA DEL ANGEL";"LATINA";"438538";"4474051";"40.412932418319336";"-3.7257111595475667";"";"";"";"/contenido/entidadesYorganismos/AuditoriosSalasConcierto"; 
5451510;"Auditorio al aire libre. Templete de Música - Parque del Oeste";" Su mantenimiento es competencia de la Junta de Distrito de Moncloa - Aravaca.   Actividades : espectáculos variados durante los meses de verano. ";"";"";" Metro: Ventura Rodréguez (línea 3)  Bus: 74 ";"";"0";"http://www.madrid.es/vgn-ext-templating/v/index.jsp?vgnextchannel=9e4c43db40317010VgnVCM100000dc0ca8c0RCRD&vgnextoid=a1bebc3dfb094210VgnVCM2000000c205a0aRCRD";"PROFESOR MARTIN ALMAGRO BASCH";"CALLE";"V";"5";"";"";"";"";"MADRID";"MADRID";"28008";"CASA DE CAMPO";"MONCLOA-ARAVACA";"439089";"4475324";"40.424449819646256";"-3.719327791504915";"";"";"";"/contenido/entidadesYorganismos/AuditoriosSalasConcierto"; 
5451503;"Auditorio al aire libre. Templete. Plaza de la Remonta";" Su mantenimiento es competencia de la Junta de Distrito de tetuán    Actividades : espectáculos variados durante los meses de verano ";"";"";" Metro: Valdeacederas (línea 1)  Bus: 49, 66, 124  ";"";"0";"http://www.madrid.es/vgn-ext-templating/v/index.jsp?vgnextchannel=9e4c43db40317010VgnVCM100000dc0ca8c0RCRD&vgnextoid=85f18cc14b094210VgnVCM1000000b205a0aRCRD";"REMONTA";"PLAZA";"V";"18";"";"";"";"";"MADRID";"MADRID";"28039";"VALDEACEDERAS";"TETUAN";"440963";"4479699";"40.46398799970988";"-3.6976569862318436";"";"";"";"/contenido/entidadesYorganismos/AuditoriosSalasConcierto"; 
5989871;"Auditorio Carmen Laforet";"En el mismo emplazamiento está el Centro de Mayores Carmen Laforet";"";"  1 Salón de actos ";" Metro: Pinar de Chamartín (líneas 1, 4 y línea 1 metro ligero)  Bus: 29, 125, 129, 150 ";"";"0";"http://www.madrid.es/vgn-ext-templating/v/index.jsp?vgnextchannel=9e4c43db40317010VgnVCM100000dc0ca8c0RCRD&vgnextoid=fca22248514ae210VgnVCM1000000b205a0aRCRD";"JAZMIN";"CALLE";"V";"46";"";"";"";"";"MADRID";"MADRID";"28033";"COSTILLARES";"CIUDAD LINEAL";"443677";"4481412";"40.47960826297022";"-3.665799020694628";"915 887 538 (Unidad de actividades culturales, formativas y deportivas)";"";"cultuclineal@madrid.es";"/contenido/entidadesYorganismos/AuditoriosSalasConcierto"; 
52513;"Auditorio de la  Plaza de Chamberí - templete";" Su mantenimiento es competencia de la Junta de Distrito de Chamberí.   Actividades : espectáculos variados durante los meses de verano. ";"";"Templete";" Metro: Iglesia (línea 1)  Bus: 3, 40, 147 ";"";"0";"http://www.madrid.es/vgn-ext-templating/v/index.jsp?vgnextchannel=9e4c43db40317010VgnVCM100000dc0ca8c0RCRD&vgnextoid=36a5946be351c010VgnVCM2000000c205a0aRCRD";"CHAMBERI";"PLAZA";"V";"12";"";"";"";"";"MADRID";"MADRID";"28010";"ALMAGRO";"CHAMBERI";"440959";"4476220";"40.43264744435738";"-3.6973683438256293";"";"";"";"/contenido/entidadesYorganismos/AuditoriosSalasConcierto"; 
161051;"Auditorio Municipal el Espinillo";"";"";"2 pistas de balonmano ";"Bus: 22 , 59 , 85 , 79 , 123";"";"1";"http://www.madrid.es/vgn-ext-templating/v/index.jsp?vgnextchannel=9e4c43db40317010VgnVCM100000dc0ca8c0RCRD&vgnextoid=b6a9ba61e681c010VgnVCM1000000b205a0aRCRD";"TERTULIA";"CALLE";"V";"5";"";"";"";"";"MADRID";"MADRID";"28041";"LOS ROSALES";"VILLAVERDE";"441288";"4468354";"40.36180966975026";"-3.6927748531714824";"";"";"";"/contenido/entidadesYorganismos/AuditoriosSalasConcierto"; 
7034889;"Auditorio Municipal Villa de Vallecas";" Su mantenimiento es competencia de la Junta de Distrito de Villa de Vallecas.   Actividades : espectáculos variados durante los meses de verano ";"De información telefónica: de lunes a viernes de 9 a 14 horas. ";"  Salas de ensayo   Teatro Auditorio al aire libre (techado).   ";" Metro: Villa de Vallecas (línea 1)  Bus: 58, 63, 142, 143   Renfe: Vallecas (línea C7) ";"";"0";"http://www.madrid.es/vgn-ext-templating/v/index.jsp?vgnextchannel=9e4c43db40317010VgnVCM100000dc0ca8c0RCRD&vgnextoid=d8c31bbad23cf310VgnVCM1000000b205a0aRCRD";"MONTE DE MONTJUICH";"CALLE";"V";"7";"";"";"";"acceso por c/ Sierra Gorda c/v Sierra del Torcal";"MADRID";"MADRID";"28031";"CASCO H.VALLECAS";"VILLA DE VALLECAS";"447690";"4470353";"40.38024511523154";"-3.6175442000640565";"915 887 824 ";"";"cultuvivallecas@madrid.es";"/contenido/entidadesYorganismos/AuditoriosSalasConcierto"; 
2130;"Auditorio Nacional de Música";" Organismo dependiente del Instituto Nacional de las Artes Escénicas y de la Música (Ministerio de Educación, Cultura y Deporte). Obra del arquitecto José María García de Paredes, fue inaugurado el 21 de octubre de 1988 y su construcción fue programada dentro del Plan Nacional de Auditorios, destinado a dotar al país de una adecuada infraestructura musical. ";"  Taquillas  (entrada por la Plaza de Andrés Segovia)   Lunes de 16 a 18 horas.  Martes a viernes de 10 a 17 horas  Sábados de 11 a 13 horas (excepto el mes de julio).  Cerradas el mes de agosto.    Taquillas de última hora  (en la Plaza de Rodolfo y Ernesto Halffter): abiertas una hora antes de la celebración, si quedan entradas disponibles. ";"  Equipamientos    Sala sinfónica  Sala de cámara  Sala general del coro  Sala de actos  Salas de cuerdas (4)  Salas individuales  Cabina de grabación  Sala de prensa  Cafeterías (2)  Tienda   Taquillas: conectadas a la red de teatros dependientes del Instituto Nacional de las Artes Escénicas y de la Música.    Servicios    Conciertos pedagógicos  Ensayos con asistencia de escolares  Pruebas de admisión para orquestas  Entrega de premios  Visitas guiadas   Ruedas de prensa  ";" Metro: Cruz del Rayo (línea 9),  Prosperidad (línea 4)  Bus: 1, 9, 16, 19, 29, 51, 52, 73 ";"  Venta de localidades     Teléfono:  902 224 949 (de 10 a 22 horas)   Internet:   http://www.entradasinaem.es    ";"1";"http://www.madrid.es/vgn-ext-templating/v/index.jsp?vgnextchannel=9e4c43db40317010VgnVCM100000dc0ca8c0RCRD&vgnextoid=c4a4eb6fbd71c010VgnVCM1000000b205a0aRCRD";"PRINCIPE DE VERGARA";"CALLE";"V";"146";"";"";"";"";"MADRID";"MADRID";"28002";"CIUDAD JARDIN";"CHAMARTIN";"442619";"4477707";"40.44615938706209";"-3.6779448874160314";"913 370 140 / 913 370 139 (Informacion)                          
913 370 287/ 913 370 232 (Oficinas)";"913 370 300";"auditorio.nacional@inaem.mcu.es";"/contenido/entidadesYorganismos/AuditoriosSalasConcierto"; 
5304610;"Café Central";"";"";"";" Metro: Sol (línea 1, 2, 3)  Bus: 3, 6, 26, 32, 50 ";"";"0";"http://www.madrid.es/vgn-ext-templating/v/index.jsp?vgnextchannel=9e4c43db40317010VgnVCM100000dc0ca8c0RCRD&vgnextoid=d3611cbd662c0210VgnVCM2000000c205a0aRCRD";"ANGEL";"PLAZA";"V";"10";"";"";"";"";"MADRID";"MADRID";"28012";"CORTES";"CENTRO";"440559";"4474173";"40.414178504157086";"-3.701904023779484";"913 694 143";"";"";"/contenido/entidadesYorganismos/AuditoriosSalasConcierto"; 
7035127;"Café El Despertar";"";"";"";" Metro: Antón Martín (línea 1)  Bus: 6, 26, 32 ";"";"0";"http://www.madrid.es/vgn-ext-templating/v/index.jsp?vgnextchannel=9e4c43db40317010VgnVCM100000dc0ca8c0RCRD&vgnextoid=bed09ff0a73cf310VgnVCM1000000b205a0aRCRD";"TORRECILLA DEL LEAL";"CALLE";"V";"18";"";"";"";"";"MADRID";"MADRID";"28012";"EMBAJADORES";"CENTRO";"440758";"4473801";"40.41084156212642";"-3.699523952570967";"915 308 095";"";"";"/contenido/entidadesYorganismos/AuditoriosSalasConcierto"; 
7035060;"Café La Palma";"";"";"";" Metro: Noviciado (línea 2)  Bus: 147  ";"";"0";"http://www.madrid.es/vgn-ext-templating/v/index.jsp?vgnextchannel=9e4c43db40317010VgnVCM100000dc0ca8c0RCRD&vgnextoid=2000aa5a863cf310VgnVCM1000000b205a0aRCRD";"PALMA";"CALLE";"V";"62";"";"";"";"";"MADRID";"MADRID";"28015";"UNIVERSIDAD";"CENTRO";"440045";"4475576";"40.42678043394236";"-3.708094409489715";"915 225 031 ";"";"cafelapalma@cafelapalma.com";"/contenido/entidadesYorganismos/AuditoriosSalasConcierto"; 
52511;"Centro Cultural Auditorio Parque El Paraiso (San Blas - Canillejas)";"";"";"";" Metro: Simancas (línea 7).  Bus: 4, 38, 48, 70, 109. ";"";"0";"http://www.madrid.es/vgn-ext-templating/v/index.jsp?vgnextchannel=9e4c43db40317010VgnVCM100000dc0ca8c0RCRD&vgnextoid=a395946be351c010VgnVCM2000000c205a0aRCRD";"ARCENTALES";"AVENIDA";"V";"4";"";"";"";"";"MADRID";"MADRID";"28037";"HELLIN";"SAN BLAS-CANILLEJAS";"447335";"4475875";"40.42996840999023";"-3.622184001035289";"915 888 065 ";"";"cultusanblas@madrid.es";"/contenido/entidadesYorganismos/AuditoriosSalasConcierto"; 
4784573;"Costello Café & Nite Club";"";"";"";" Metro: Sevilla (línea 2)  Bus: 1, 2, 3, 40, 53, 74, 146, 149, 202 ";"";"0";"http://www.madrid.es/vgn-ext-templating/v/index.jsp?vgnextchannel=9e4c43db40317010VgnVCM100000dc0ca8c0RCRD&vgnextoid=dec7d383f44e7110VgnVCM1000000b205a0aRCRD";"CABALLERO DE GRACIA";"CALLE";"V";"10";"";"";"";"";"MADRID";"MADRID";"28013";"SOL";"CENTRO";"440656";"4474756";"40.41943738097802";"-3.7008152965958683";"";"";"";"/contenido/entidadesYorganismos/AuditoriosSalasConcierto"; 
4101;"Fundación Juan March";" Creada en 1955 por el financiero español Juan March Ordinas, la Fundación Juan March es una institución familiar, patrimonial y operativa, que desarrolla sus actividades en el campo de la cultura humanística y científica.  La Fundación organiza exposiciones de arte, conciertos musicales y ciclos de conferencias y seminarios. En su sede en Madrid tiene abierta una biblioteca de música y teatro. Es titular del Museo de Arte Abstracto Español, de Cuenca, y del Museu Fundación Juan March, de Palma de Mallorca.  A través del Instituto Juan March de Estudios e Investigaciones, la Fundación creó el Centro de Estudios Avanzados en Ciencias Sociales, actualmente integrado en el Instituto mixto Carlos III/Juan March de Ciencias Sociales de la Universidad Carlos III de Madrid. ";"";"  Cafetería  Catálogos editados por la Fundación Juan March.  Tienda: grabados y reproducciones de obras de exposiciones de la Fundación, del Museo de Arte Abstracto Español, de Cuenca, y del Museu Fundación Juan March, de Palma.  Revista Informativa de la Fundación Juan March y calendario mensual de actividades.  ";" Metro: Núñez de Balboa (líneas 5, 9)  Bus: 1, 9, 19, 29, 51, 52,  74 ";"  Aforo auditorio principal: 283 personas    Aforo auditorio auxiliar: 114 personas  ";"0";"http://www.madrid.es/vgn-ext-templating/v/index.jsp?vgnextchannel=9e4c43db40317010VgnVCM100000dc0ca8c0RCRD&vgnextoid=781fb0c40971c010VgnVCM1000000b205a0aRCRD";"CASTELLO";"CALLE";"V";"77";"";"";"";"";"MADRID";"MADRID";"28006";"CASTELLANA";"SALAMANCA";"442336";"4476050";"40.43122172566741";"-3.681131278962331";"914 354 240";"915 763 420";"webmast@mail.march.es";"/contenido/entidadesYorganismos/SalasExposiciones"; 
7582981;"Independance Club";"";"";"";" Metro: Tirso de Molina (línea 3)  Bus: 6, 26, 32, 65 ";"";"0";"http://www.madrid.es/vgn-ext-templating/v/index.jsp?vgnextchannel=9e4c43db40317010VgnVCM100000dc0ca8c0RCRD&vgnextoid=faa5f49cf9847410VgnVCM2000000c205a0aRCRD";"DOCTOR CORTEZO";"CALLE";"V";"1";"";"";"";"";"MADRID";"MADRID";"28012";"EMBAJADORES";"CENTRO";"440416";"4474144";"40.41390701433747";"-3.7035866665452066";"";"";"";"/contenido/entidadesYorganismos/AuditoriosSalasConcierto"; 
3936;"La Sala Live";"";"";"";" Metro: Eugenia de Montijo (línea 5)  Bus: 17, 35 ";"";"0";"http://www.madrid.es/vgn-ext-templating/v/index.jsp?vgnextchannel=9e4c43db40317010VgnVCM100000dc0ca8c0RCRD&vgnextoid=71b21e79ee71c010VgnVCM1000000b205a0aRCRD";"NUESTRA SEÑORA DE FATIMA";"AVENIDA";"V";"42";"";"";"";"";"MADRID";"MADRID";"28047";"VISTA ALEGRE";"CARABANCHEL";"436667";"4470798";"40.38348754068021";"-3.7474375780696736";"915 255 444";"";"";"/contenido/entidadesYorganismos/AuditoriosSalasConcierto"; 
8158010;"Nave de Música. Matadero Madrid";" Un templo dedicado a la música con un estudio de radio, otro de grabación profesional, un pequño escenario para conciertos, nueve salas de ensayo y otras instalaciones. ";"";"";" Metro :  Legazpi (líneas 6, 3)  Bus: 6 , 8 , 18 , 19 , 45 , 78 , 148  Renfe: Embajadores ";"";"1";"http://www.madrid.es/vgn-ext-templating/v/index.jsp?vgnextchannel=9e4c43db40317010VgnVCM100000dc0ca8c0RCRD&vgnextoid=21a027f53e7de410VgnVCM1000000b205a0aRCRD";"CHOPERA";"PASEO";"V";"14";"";"";"";"Matadero";"MADRID";"MADRID";"28045";"CHOPERA";"ARGANZUELA";"440934";"4471754";"40.39241367848808";"-3.697259467865366";"";"";"";"/contenido/entidadesYorganismos/AuditoriosSalasConcierto"; 
2390;"Pabellón Multiusos I. Casa de Campo (antiguo Madrid Arena)";" Para la celebración de actos deportivos y espectáculos, el Pabellón Multiusos I cuenta con 10.276 asientos dispuestos en un graderío retráctil de tres niveles. Esta característica dota a la instalación de una gran versatilidad, al permitir combinar gradas y superficie diáfana.  El Pabellón Multiusos I dispone de vestuarios y camerinos, cafetería, barras y amplias zonas comunes, salas auxiliares, cabinas de prensa, pantallas de Led, taquillas, amplias zonas de carga y descarga, con acceso para vehículos hasta la pista principal, espacio exterior para aparcamiento de camiones y ubicación de unidades móviles.  El graderío retráctil permite varias de 1.000 a 2.542  m2  la superficie total de la pista central.  El complejo está unido al Pabellón Multiusos II y por un túnel al Pabellón de Cristal. ";"";"";" Metro: Alto de Extremadura (línea 6), Lago (línea 10)  Bus: 31, 33, 36, 39, 65 ";"";"0";"http://www.madrid.es/vgn-ext-templating/v/index.jsp?vgnextchannel=9e4c43db40317010VgnVCM100000dc0ca8c0RCRD&vgnextoid=c53179262ef5d010VgnVCM1000000b205a0aRCRD";"PRINCIPAL";"AVENIDA";"V";"14";"";"";"";"";"MADRID";"MADRID";"28011";"CASA DE CAMPO";"MONCLOA-ARAVACA";"437456";"4474126";"40.41352730435772";"-3.7384704159174076";"917 220 400 (centralita)";"917 210 607";"info@madridec.com";"/contenido/entidadesYorganismos/AuditoriosSalasConcierto"; 
7034958;"Sala Bogui Jazz";"";"";"";" Metro: Chueca (línea 5)  Bus: 3, 37 ";"";"0";"http://www.madrid.es/vgn-ext-templating/v/index.jsp?vgnextchannel=9e4c43db40317010VgnVCM100000dc0ca8c0RCRD&vgnextoid=758e7f82c43cf310VgnVCM1000000b205a0aRCRD";"BARQUILLO";"CALLE";"V";"29";"";"";"";"";"MADRID";"MADRID";"28004";"JUSTICIA";"CENTRO";"441096";"4475143";"40.42295498321188";"-3.695665063664934";"915 211 568";"";"info@boguijazz.com";"/contenido/entidadesYorganismos/AuditoriosSalasConcierto"; 
6907373;"Sala But";"";"";"";" Metro: Tribunal (líneas 1 y 10), Alonso Martínez (líneas 4, 5 y 10), Bilbao (líneas 1 y 4)   Bus: 3, 21, 37, 40  ";"";"0";"http://www.madrid.es/vgn-ext-templating/v/index.jsp?vgnextchannel=9e4c43db40317010VgnVCM100000dc0ca8c0RCRD&vgnextoid=d6c706172d21e310VgnVCM1000000b205a0aRCRD";"BARCELO";"CALLE";"V";"11";"";"";"";"";"MADRID";"MADRID";"28004";"JUSTICIA";"CENTRO";"440748";"4475584";"40.42690296134917";"-3.699808218271451";"914 480 698";"";"";"/contenido/entidadesYorganismos/AuditoriosSalasConcierto"; 
4072;"Sala Caracol";"";"";"";" Metro: Embajadores (línea 3)  Bus: 27, 34, 36, 41, 60, 78, 116, 118, 119, 148,  C   Renfe: Embajadores ";"";"0";"http://www.madrid.es/vgn-ext-templating/v/index.jsp?vgnextchannel=9e4c43db40317010VgnVCM100000dc0ca8c0RCRD&vgnextoid=fb6d7b503a71c010VgnVCM1000000b205a0aRCRD";"BERNARDINO OBREGON";"CALLE";"V";"18";"";"";"";"";"MADRID";"MADRID";"28012";"PALOS DE MOGUER";"ARGANZUELA";"440707";"4473041";"40.40399146943472";"-3.700054055340394";"915 273 594";"";"";"/contenido/entidadesYorganismos/AuditoriosSalasConcierto"; 
5870929;"Sala Caravan";"";"";"";" Metro: Iglesia (línea 1)  Bus: 5, 16, 61 ";"";"0";"http://www.madrid.es/vgn-ext-templating/v/index.jsp?vgnextchannel=9e4c43db40317010VgnVCM100000dc0ca8c0RCRD&vgnextoid=874a3a351236c210VgnVCM2000000c205a0aRCRD";"GENERAL MARTINEZ CAMPOS";"PASEO";"V";"17";"";"";"";"";"MADRID";"MADRID";"28010";"ALMAGRO";"CHAMBERI";"441075";"4476498";"40.43515996633578";"-3.696038431827734";"915 944 734";"";"caravan@salacaravan.com";"/contenido/entidadesYorganismos/AuditoriosSalasConcierto"; 
6261617;"Sala Cats";"";"";"";" Metro: Guzmán El Bueno (líneas 6 y 7)  Bus: 2, 44, 202 ";"";"0";"http://www.madrid.es/vgn-ext-templating/v/index.jsp?vgnextchannel=9e4c43db40317010VgnVCM100000dc0ca8c0RCRD&vgnextoid=bf50b3649b134310VgnVCM2000000c205a0aRCRD";"JULIAN ROMEA";"CALLE";"V";"4";"";"";"";"";"MADRID";"MADRID";"28003";"VALLEHERMOSO";"CHAMBERI";"439626";"4477351";"40.44274003088835";"-3.713202488642481";"";"";"";"/contenido/entidadesYorganismos/AuditoriosSalasConcierto"; 
3891;"Sala Clamores";"";"";"";" Metro: Bilbao (líneas 1, 4)   Bus: 3, 37, 40, 147 ";"";"0";"http://www.madrid.es/vgn-ext-templating/v/index.jsp?vgnextchannel=9e4c43db40317010VgnVCM100000dc0ca8c0RCRD&vgnextoid=bfa7b069a541f010VgnVCM1000000b205a0aRCRD";"ALBURQUERQUE";"CALLE";"V";"14";"";"";"";"";"MADRID";"MADRID";"28010";"TRAFALGAR";"CHAMBERI";"440655";"4476053";"40.431121286721805";"-3.7009483655353894";"914 457 938";"";"";"/contenido/entidadesYorganismos/AuditoriosSalasConcierto"; 
4651794;"Sala Colonial Norte";"";"";"";" Metro: Príncipe Pío (línea 6, 10, R)  Bus: 25, 33, 39, 41, 46, 75, 138, 333  Renfe: Príncipe Pío ";"";"1";"http://www.madrid.es/vgn-ext-templating/v/index.jsp?vgnextchannel=9e4c43db40317010VgnVCM100000dc0ca8c0RCRD&vgnextoid=8db325bdd2145110VgnVCM1000000b205a0aRCRD";"FLORIDA";"PASEO";"V";"s/n";"";"";"";"";"MADRID";"MADRID";"28008";"CASA DE CAMPO";"MONCLOA-ARAVACA";"438948";"4474919";"40.42078197104075";"-3.7209625681527148";"915 401 848";"";"";"/contenido/entidadesYorganismos/AuditoriosSalasConcierto"; 
4919012;"Sala Contraclub";"";"";"";" Metro: La Latina (línea 5)  Bus: 3, 148 ";"";"0";"http://www.madrid.es/vgn-ext-templating/v/index.jsp?vgnextchannel=9e4c43db40317010VgnVCM100000dc0ca8c0RCRD&vgnextoid=cdd1e822e5a0a110VgnVCM2000000c205a0aRCRD";"BAILEN";"CALLE";"V";"16";"";"";"";"";"MADRID";"MADRID";"28005";"PALACIO";"CENTRO";"439536";"4473998";"40.41252819937501";"-3.7139441766173196";"913 655 545";"";"info@contraclub.es";"/contenido/entidadesYorganismos/AuditoriosSalasConcierto"; 
71529;"Sala Copérnico";"";"";"";" Metro: Moncloa (línea 3, 6)  Bus: 2, 16, 61, 202 ";"";"0";"http://www.madrid.es/vgn-ext-templating/v/index.jsp?vgnextchannel=9e4c43db40317010VgnVCM100000dc0ca8c0RCRD&vgnextoid=66065cee4051c010VgnVCM2000000c205a0aRCRD";"FERNANDEZ DE LOS RIOS";"CALLE";"V";"67";"";"";"";"";"MADRID";"MADRID";"28015";"GAZTAMBIDE";"CHAMBERI";"439577";"4476520";"40.43525047036905";"-3.713701064096741";"915 626 256";"";"";"/contenido/entidadesYorganismos/AuditoriosSalasConcierto"; 
7034838;"Sala El Intruso";"";"";"";" Metro: Chueca (línea 5)  Bus: 3  ";"";"0";"http://www.madrid.es/vgn-ext-templating/v/index.jsp?vgnextchannel=9e4c43db40317010VgnVCM100000dc0ca8c0RCRD&vgnextoid=324dcb8f023cf310VgnVCM1000000b205a0aRCRD";"AUGUSTO FIGUEROA";"CALLE";"V";"3";"";"";"";"";"MADRID";"MADRID";"28004";"JUSTICIA";"CENTRO";"440712";"4475153";"40.42301774321945";"-3.700192322455185";"915 318 996";"";"";"/contenido/entidadesYorganismos/AuditoriosSalasConcierto"; 
4923127;"Sala El Junco";"";"";"";" Metro: Alonso Martínez (línea 4, 5, 10)  Bus: 3, 37, 40, 149 ";"";"0";"http://www.madrid.es/vgn-ext-templating/v/index.jsp?vgnextchannel=9e4c43db40317010VgnVCM100000dc0ca8c0RCRD&vgnextoid=164c6dae2d92a110VgnVCM1000000b205a0aRCRD";"SANTA BARBARA";"PLAZA";"V";"10";"";"";"";"";"MADRID";"MADRID";"28004";"JUSTICIA";"CENTRO";"441039";"4475531";"40.42644622598295";"-3.6963729868257307";"913 192 081";"";"";"/contenido/entidadesYorganismos/AuditoriosSalasConcierto"; 
3917;"Sala El Sol";"";"";"";" Metro: Gran Vía (línea 1, 5), Sevilla (línea 2)  Bus: 1, 2, 3, 5, 20, 46, 51, 52, 53, 74, 146, 150, 202 ";"";"0";"http://www.madrid.es/vgn-ext-templating/v/index.jsp?vgnextchannel=9e4c43db40317010VgnVCM100000dc0ca8c0RCRD&vgnextoid=c20eff632081c010VgnVCM1000000b205a0aRCRD";"JARDINES";"CALLE";"V";"3";"";"";"";"";"MADRID";"MADRID";"28013";"SOL";"CENTRO";"440586";"4474704";"40.41896393620347";"-3.7016354977769943";"915 326 490";"";"";"/contenido/entidadesYorganismos/AuditoriosSalasConcierto"; 
4676603;"Sala Galileo Galilei";"";"";"";" Metro: Islas Filipinas (línea 7), Canal (línea 2, 7)  Bus: 2, 12, 37, 149, 202 ";"";"0";"http://www.madrid.es/vgn-ext-templating/v/index.jsp?vgnextchannel=9e4c43db40317010VgnVCM100000dc0ca8c0RCRD&vgnextoid=b0aea3fc6abe5110VgnVCM1000000b205a0aRCRD";"GALILEO";"CALLE";"V";"100";"";"";"";"";"MADRID";"MADRID";"28015";"ARAPILES";"CHAMBERI";"439907";"4476882";"40.438535474658956";"-3.709844851840886";"915 347 557 / 915 347 558";"";"";"/contenido/entidadesYorganismos/AuditoriosSalasConcierto"; 
7035148;"Sala Gruta 77";"";"";"";" Metro: Oporto (líneas 5 y 6)  Bus: 34, 35, 108, 118  ";"";"0";"http://www.madrid.es/vgn-ext-templating/v/index.jsp?vgnextchannel=9e4c43db40317010VgnVCM100000dc0ca8c0RCRD&vgnextoid=2782ac07d83cf310VgnVCM1000000b205a0aRCRD";"CUCLILLO";"CALLE";"V";"6";"";"";"";"";"MADRID";"MADRID";"28019";"SAN ISIDRO";"CARABANCHEL";"438033";"4471609";"40.390941489181294";"-3.7314016068733746";"914 712 370";"";"";"/contenido/entidadesYorganismos/AuditoriosSalasConcierto"; 
7035133;"Sala Jimmy Jazz";"";"";"";" Metro: Portazgo (línea 1)   Bus: 10, 57, 103  ";"";"0";"http://www.madrid.es/vgn-ext-templating/v/index.jsp?vgnextchannel=9e4c43db40317010VgnVCM100000dc0ca8c0RCRD&vgnextoid=4af9ac07d83cf310VgnVCM1000000b205a0aRCRD";"PAYASO FOFO";"CALLE";"V";"24";"";"";"";"";"MADRID";"MADRID";"28018";"PALOMERAS BAJAS";"PUENTE DE VALLECAS";"444049";"4471489";"40.39024188543581";"-3.6605350707736317";"914 777 645";"";"";"/contenido/entidadesYorganismos/AuditoriosSalasConcierto"; 
3908;"Sala Joy Madrid";"";"";"";" Metro: Sol (línea 1, 2, 3), Opera (línea R, 2, 5)  Bus: 3, 5, 15, 20, 25, 39, 50, 51, 52, 53, 150 ";"";"0";"http://www.madrid.es/vgn-ext-templating/v/index.jsp?vgnextchannel=9e4c43db40317010VgnVCM100000dc0ca8c0RCRD&vgnextoid=5c821e79ee71c010VgnVCM1000000b205a0aRCRD";"ARENAL";"CALLE";"V";"11";"";"";"";"";"MADRID";"MADRID";"28013";"SOL";"CENTRO";"440172";"4474504";"40.41713252694655";"-3.706496299663565";"913 663 733";"";"";"/contenido/entidadesYorganismos/AuditoriosSalasConcierto"; 
7397298;"Sala La Chocita del Loro. Calle Doctor Urquiola";"";"";"";" Metro: Carabanchel (línea 5)   Bus: 17, 35  ";"";"0";"http://www.madrid.es/vgn-ext-templating/v/index.jsp?vgnextchannel=9e4c43db40317010VgnVCM100000dc0ca8c0RCRD&vgnextoid=df5ec0b5d45d4410VgnVCM1000000b205a0aRCRD";"DOCTOR URQUIOLA";"CALLE";"V";"23";"";"";"";"";"MADRID";"MADRID";"28025";"VISTA ALEGRE";"CARABANCHEL";"436992";"4471254";"40.387620073190725";"-3.7436541570839834";"";"";"";"/contenido/entidadesYorganismos/AuditoriosSalasConcierto"; 
7397202;"Sala La Chocita del Loro. Calle Gran Vía";"";"";"";" Metro: Plaza de España (línea 3, 10)  Bus: 1, 2, 46, 74, 146, 202 ";"";"0";"http://www.madrid.es/vgn-ext-templating/v/index.jsp?vgnextchannel=9e4c43db40317010VgnVCM100000dc0ca8c0RCRD&vgnextoid=bfce2572f35d4410VgnVCM1000000b205a0aRCRD";"GRAN VIA";"CALLE";"V";"70";"";"";"";"";"MADRID";"MADRID";"28013";"UNIVERSIDAD";"CENTRO";"439924";"4475127";"40.42272689593852";"-3.709478249954353";"";"";"";"/contenido/entidadesYorganismos/AuditoriosSalasConcierto"; 
7397234;"Sala La Chocita del Loro. Calle Hermosilla";"";"";"";" Metro: Goya (líneas 2 y 4)    Bus: 21, 26, 29, 43, 52, 53, 61, 146 ";"";"0";"http://www.madrid.es/vgn-ext-templating/v/index.jsp?vgnextchannel=9e4c43db40317010VgnVCM100000dc0ca8c0RCRD&vgnextoid=64452572f35d4410VgnVCM1000000b205a0aRCRD";"HERMOSILLA";"CALLE";"V";"77";"";"";"";"";"MADRID";"MADRID";"28001";"GOYA";"SALAMANCA";"442615";"4475481";"40.42610621133237";"-3.67779065226415";"";"";"";"/contenido/entidadesYorganismos/AuditoriosSalasConcierto"; 
7326606;"Sala Lemon";"";"";"";" Metro: Santiago Bernabeu (línea 10)  Bus: 3, 5, 27, 40, 43, 126, 147, 149 ";"";"0";"http://www.madrid.es/vgn-ext-templating/v/index.jsp?vgnextchannel=9e4c43db40317010VgnVCM100000dc0ca8c0RCRD&vgnextoid=51e99b8dada24410VgnVCM2000000c205a0aRCRD";"BRASIL";"AVENIDA";"V";"5";"";"";"";"";"MADRID";"MADRID";"28020";"CUATRO CAMINOS";"TETUAN";"441260";"4478642";"40.454487186392804";"-3.694056023965524";"";"";"";"/contenido/entidadesYorganismos/AuditoriosSalasConcierto"; 
45318;"Sala Marco Aldany (Arena)";"";"";"";" Metro: Plaza de España (línea 3, 10)  Bus: 1, 2, 44, 46, 74, 75, 133, 148, 138, 202,  C  ";"";"0";"http://www.madrid.es/vgn-ext-templating/v/index.jsp?vgnextchannel=9e4c43db40317010VgnVCM100000dc0ca8c0RCRD&vgnextoid=a44b7589f451c010VgnVCM1000000b205a0aRCRD";"PRINCESA";"CALLE";"V";"1";"";"";"";"";"MADRID";"MADRID";"28008";"ARGUELLES";"MONCLOA-ARAVACA";"439700";"4475329";"40.42453036844387";"-3.7121377807968265";"915 475 711";"";"";"/contenido/entidadesYorganismos/AuditoriosSalasConcierto"; 
4676668;"Sala Moby Dick";"";"";"";" Metro: Santiago Bernabeu (línea 10)  Bus: 3, 5, 27, 40, 43, 126, 147, 149 ";"";"0";"http://www.madrid.es/vgn-ext-templating/v/index.jsp?vgnextchannel=9e4c43db40317010VgnVCM100000dc0ca8c0RCRD&vgnextoid=e2c1f1480bbe5110VgnVCM1000000b205a0aRCRD";"BRASIL";"AVENIDA";"V";"5";"";"";"";"";"MADRID";"MADRID";"28020";"CUATRO CAMINOS";"TETUAN";"441260";"4478642";"40.454487186392804";"-3.694056023965524";"915 557 671      
";"";"";"/contenido/entidadesYorganismos/AuditoriosSalasConcierto"; 
5942340;"Sala Penélope";"";"";"";" Metro: Moncloa (Líneas 3, 6)   Bus: 1, 16, 44, 61, 82, 132,  C2  ";"";"0";"http://www.madrid.es/vgn-ext-templating/v/index.jsp?vgnextchannel=9e4c43db40317010VgnVCM100000dc0ca8c0RCRD&vgnextoid=d2834ff84bbed210VgnVCM1000000b205a0aRCRD";"HILARION ESLAVA";"CALLE";"V";"36";"";"";"";"";"MADRID";"MADRID";"28015";"GAZTAMBIDE";"CHAMBERI";"439339";"4476593";"40.435890728108525";"-3.716513924076727";"";"";"";"/contenido/entidadesYorganismos/AuditoriosSalasConcierto"; 
7201258;"Sala Shôko Madrid";"";"";"";" Metro: La Latina (línea 5)  Bus: 17, 18, 23, 35 ";"";"0";"http://www.madrid.es/vgn-ext-templating/v/index.jsp?vgnextchannel=9e4c43db40317010VgnVCM100000dc0ca8c0RCRD&vgnextoid=a392d81f4c892410VgnVCM2000000c205a0aRCRD";"TOLEDO";"CALLE";"V";"86";"";"";"";"";"MADRID";"MADRID";"28005";"PALACIO";"CENTRO";"439816";"4473571";"40.40870191378051";"-3.7106037876286355";"";"";"";"/contenido/entidadesYorganismos/AuditoriosSalasConcierto"; 
106926;"Sala Taboó";"";"";"";" Metro: Tribunal (línea 1, 10)  Bus: 37, 147 ";"";"0";"http://www.madrid.es/vgn-ext-templating/v/index.jsp?vgnextchannel=9e4c43db40317010VgnVCM100000dc0ca8c0RCRD&vgnextoid=04cf2189cb81c010VgnVCM1000000b205a0aRCRD";"SAN VICENTE FERRER";"CALLE";"V";"23";"";"";"";"";"MADRID";"MADRID";"28004";"UNIVERSIDAD";"CENTRO";"440461";"4475446";"40.425639265705044";"-3.7031784227757";"";"";"";"/contenido/entidadesYorganismos/AuditoriosSalasConcierto"; 
7035002;"Sala Tempo Club";"";"";"";" Metro: Plaza de España (líneas 3 y 10), Ventura Rodríguez (línea 3)  Bus: 1, 2, 44, 74, 133, 202,  C  ";"";"0";"http://www.madrid.es/vgn-ext-templating/v/index.jsp?vgnextchannel=9e4c43db40317010VgnVCM100000dc0ca8c0RCRD&vgnextoid=aec1b043653cf310VgnVCM1000000b205a0aRCRD";"DUQUE DE OSUNA";"CALLE";"V";"8";"";"";"";"";"MADRID";"MADRID";"28015";"UNIVERSIDAD";"CENTRO";"439720";"4475414";"40.425297538012565";"-3.711910103061732";"915 477 518    
";"";"";"/contenido/entidadesYorganismos/AuditoriosSalasConcierto"; 
7091909;"Tablao Flamenco Casa Patas";"";" Cerrado los domingos   Actuaciones :    De lunes a jueves a las 22:30 horas  Viernes y sábado a las 21 y a las 24 horas  ";"Tablao flamenco, restaurante";" Metro: Tirso de Molina (línea 1), Sol (líneas 1, 2, 3)  Bus: 6, 26, 32, 50, 65, M1 ";"";"1";"http://www.madrid.es/vgn-ext-templating/v/index.jsp?vgnextchannel=9e4c43db40317010VgnVCM100000dc0ca8c0RCRD&vgnextoid=bf256036342f0410VgnVCM2000000c205a0aRCRD";"CA&Ntilde;IZARES";"CALLE";"V";"10";"";"";"";"";"MADRID";"MADRID";"28012";"EMBAJADORES";"CENTRO";"440572";"4474012";"40.412729068876004";"-3.7017357416661167";"913 690 496";"";"info@casapatas.com";"/contenido/entidadesYorganismos/Teatros"; 
7091929;"Tablao Flamenco Las Carboneras";"Nacido de la idea de recuperar los cafés cantantes de antaño, este tablao flamenco restaurante combina una imagen y un estilo vanguardista con lo mejor del flamenco actual";"  Actuaciones :   Lunes a jueves: 20:30 y 22:30  Viernes y Sábado: 20:30 y 23  Domingos: 20:30  ";"Tablao flamenco, restaurante";" Metro: Sol (líneas 1, 2, 3), Ópera (líneas 2, 5), La Latina (línea 5)  Bus: 3, 17, 18, 23, 31, 35, 50, 65, M1  Renfe: Sol ";"";"1";"http://www.madrid.es/vgn-ext-templating/v/index.jsp?vgnextchannel=9e4c43db40317010VgnVCM100000dc0ca8c0RCRD&vgnextoid=87c76036342f0410VgnVCM2000000c205a0aRCRD";"CONDE DE MIRANDA";"PLAZA";"V";"1";"";"";"";"";"MADRID";"MADRID";"28005";"PALACIO";"CENTRO";"439920";"4474240";"40.41473610515185";"-3.7094414579182207";"915 428 677";"";"sugerencias@tabalaolascarboneras.com";"/contenido/entidadesYorganismos/AuditoriosSalasConcierto"; 
3926;"Teatro Kapital";"";"";"";" Metro: Atocha (línea 1)  Bus: 6, 10, 14, 19, 26, 27, 32, 34, 37, 45, 47, 57, 59, 85, 86, 119, 247,  C   Renfe: Atocha ";"";"0";"http://www.madrid.es/vgn-ext-templating/v/index.jsp?vgnextchannel=9e4c43db40317010VgnVCM100000dc0ca8c0RCRD&vgnextoid=ee921e79ee71c010VgnVCM1000000b205a0aRCRD";"ATOCHA";"CALLE";"V";"125";"";"";"";"";"MADRID";"MADRID";"28012";"CORTES";"CENTRO";"441299";"4473672";"40.40971786463593";"-3.6931362362669597";"";"";"";"/contenido/entidadesYorganismos/AuditoriosSalasConcierto"; 
2196;"Teatro Real";"";"  Taquillas (Plaza de Oriente, s/n): d e lunes a viernes, de 9:15 a 20 horas. Sábados con función, de 10 a 20 horas. Domingos y festivos con función, dos horas antes de la representación. Cerrado sábados, domingos y festivos sin función. Se admite el pago en efectivo y con tarjeta de crédito o débito. No se admiten tarjetas virtuales   Servicio de venta telefónica: 902 24 48 48: d e lunes a viernes, de 9:15 a 20 horas. Sábados con función, de 10 a 20 horas. Domingos y festivos con función, dos horas antes de la representación. Cerrado sábados, domingos y festivos sin función. ";"  Restaurante   Tienda especializada de música, libros y material relacionado (de lunes a viernes de 10 a 20 horas y sábados de 10 a 14 horas - Los días de representación permanecerá abierta hasta el primer intermedio).   ";" Metro: Ópera (líneas 2, 5 y Ramal Opera-Príncipe Pío)  Bus: 3, 25, 39, 148 ";"  Venta de localidades     Servicio de venta telefónica: 902 24 48 48  Venta en Internet:  http://www.generaltickets.com/teatro-real/   Correo electrónico:  info@teatro-real.com   Sugerencias y reclamaciones:  info@teatro-real.com   ";"0";"http://www.madrid.es/vgn-ext-templating/v/index.jsp?vgnextchannel=9e4c43db40317010VgnVCM100000dc0ca8c0RCRD&vgnextoid=6fc179262ef5d010VgnVCM1000000b205a0aRCRD";"ORIENTE";"PLAZA";"V";"5";"";"";"";"c/v Felipe V, 1 c/v Arrieta, 1 c/v Plaza Isabel II, 4 c/v Vergara, 2 c/v Carlos III, 2";"MADRID";"MADRID";"28013";"PALACIO";"CENTRO";"439773";"4474637";"40.41830181868497";"-3.7112116338969767";"915 160 660 (Taquilla)                                    
915 160 600 (Información y centralita)                                    
915 160 696 (Reservas para grupos de visitas guiadas)";"";"info@teatro-real.com / ventatelefonica@teatro-real.com (Reserva para grupos)";"/contenido/entidadesYorganismos/AuditoriosSalasConcierto"; 

