PK;NOMBRE;DESCRIPCION-ENTIDAD;HORARIO;EQUIPAMIENTO;TRANSPORTE;DESCRIPCION;ACCESIBILIDAD;CONTENT-URL;NOMBRE-VIA;CLASE-VIAL;TIPO-NUM;NUM;PLANTA;PUERTA;ESCALERAS;ORIENTACION;LOCALIDAD;PROVINCIA;CODIGO-POSTAL;BARRIO;DISTRITO;COORDENADA-X;COORDENADA-Y;LATITUD;LONGITUD;TELEFONO;FAX;EMAIL;TIPO;
7827523;"Alicia Koplowitz Centro de Día y Residencial de Esclerosis Múltiple de la Comunidad de Madrid";"";"";"";" Bus: 8, 71, 130 ";"";"0";"http://www.madrid.es/vgn-ext-templating/v/index.jsp?vgnextchannel=9e4c43db40317010VgnVCM100000dc0ca8c0RCRD&vgnextoid=7e9f7c8c2e9ca410VgnVCM2000000c205a0aRCRD";"JOSE PRAT";"BULEVAR";"V";"40";"";"";"";"";"MADRID";"MADRID";"28032";"CASCO H.VICALVARO";"VICALVARO";"447515";"4472119";"40.39614339736402";"-3.6197515223307275";"913 016 560";"913 050 214";"";"/contenido/entidadesYorganismos/CentrosAtencionSocialPersonasDiscapacidad/ResidenciasPersonasDiscapacidad"; 
133823;"Centro de Día Funprodami";"";"";"";" Bus: 57, 144 ";"";"0";"http://www.madrid.es/vgn-ext-templating/v/index.jsp?vgnextchannel=9e4c43db40317010VgnVCM100000dc0ca8c0RCRD&vgnextoid=32dd15a11a81c010VgnVCM1000000b205a0aRCRD";"GARCIA MIRANDA";"CALLE";"V";"4";"";"";"";"";"MADRID";"MADRID";"28018";"SAN DIEGO";"PUENTE DE VALLECAS";"443736";"4470691";"40.38303190435413";"-3.6641521212637627";"915 077 986";"917 859 359";"";"/contenido/entidadesYorganismos/CentrosAtencionSocialPersonasDiscapacidad/CentrosDiasPersonasDiscapacidad"; 
77520;"Centro de día para discapacitados físicos Argüelles";"";"";"";" Metro: Moncloa (líneas 3, 6)  Bus: 1, 2, 16, 21, 44, 61, 82, 83, 160, 132, 133,  C  ";"";"0";"http://www.madrid.es/vgn-ext-templating/v/index.jsp?vgnextchannel=9e4c43db40317010VgnVCM100000dc0ca8c0RCRD&vgnextoid=0c588ed67151c010VgnVCM2000000c205a0aRCRD";"ANDRES MELLADO";"CALLE";"V";"31";"";"";"";"";"MADRID";"MADRID";"28015";"GAZTAMBIDE";"CHAMBERI";"439500";"4476341";"40.433632354786965";"-3.7145917775331463";"915 495 062";"915 436 531";"";"/contenido/entidadesYorganismos/CentrosAtencionSocialPersonasDiscapacidad/CentrosDiasPersonasDiscapacidad"; 
29839;"Centro de Día para Personas con Discapacidad Intelectual Navas de Tolosa";"";" De lunes a viernes de 9,30 a 17 horas ";" Transporte adaptado - Comedor - Terapia ocupacional - Fisioterapia - Servicio médico - ";"Bus: 59, 79 Metro: L3 (Villaverde Alto)";"  Información Complementaria      Plazas:  50   Tipología:  Personas con discapacidad intelectual severa o profunda y transtornos asociados,  con edades comprendidas entre los 18 y los 60 años.     Ámbito de actuación:  Distritos municipales de Villaverde (prioritario), Carabanchel, Puente de Vallecas y Usera   ";"1";"http://www.madrid.es/vgn-ext-templating/v/index.jsp?vgnextchannel=9e4c43db40317010VgnVCM100000dc0ca8c0RCRD&vgnextoid=1f63b3e42751c010VgnVCM2000000c205a0aRCRD";"BENIMAMET";"CALLE";"V";"109";"";"";"";"";"MADRID";"MADRID";"28021";"SAN CRISTOBAL";"VILLAVERDE";"441908";"4466410";"40.344340447262475";"-3.685296004324213";"915 052 660";"901 706 051";"centronavas@afandice.org";"/contenido/entidadesYorganismos/CentrosAtencionSocialPersonasDiscapacidad/CentrosDiasPersonasDiscapacidad"; 
7192500;"Centro de día y ocupacional Fundación Juan XXIII";"";"";"";" Metro: Puerta de Arganza (línea 9)   Bus: 4, 71, 100  ";"";"0";"http://www.madrid.es/vgn-ext-templating/v/index.jsp?vgnextchannel=9e4c43db40317010VgnVCM100000dc0ca8c0RCRD&vgnextoid=c6d4085304572410VgnVCM2000000c205a0aRCRD";"GRAN VIA DEL ESTE";"AVENIDA";"V";"1";"BAJO";"";"";"";"MADRID";"MADRID";"28032";"CASCO H.VICALVARO";"VICALVARO";"449594";"4472862";"40.4029655566785";"-3.595313927334039";"914 137 349 ";"";"";"/contenido/entidadesYorganismos/CentrosAtencionSocialPersonasDiscapacidad/CentrosOcupacionalesPersonasDiscapacidad"; 
51238;"Centro de Día y ocupacional para discapacitados intelectuales Pardo Valcarce";"Centro de atención diurna cuya finalidad es el desarrollo de habilidades profesionales, personales y sociales. ";"";"";" Bus: 134, 178  ";"";"0";"http://www.madrid.es/vgn-ext-templating/v/index.jsp?vgnextchannel=9e4c43db40317010VgnVCM100000dc0ca8c0RCRD&vgnextoid=e965598d1351c010VgnVCM1000000b205a0aRCRD";"MONASTERIO DE LAS HUELGAS";"CALLE";"V";"15";"";"";"";"";"MADRID";"MADRID";"28049";"MIRASIERRA";"FUENCARRAL-EL PARDO";"440121";"4483980";"40.50249241884712";"-3.7079930058533064";"917 355 790";"";"";"/contenido/entidadesYorganismos/CentrosAtencionSocialPersonasDiscapacidad/CentrosOcupacionalesPersonasDiscapacidad"; 
7191610;"Centro de día y ocupacional para personas con discapacidad intelectual Afade";"";"";"";" Bus: 54, 144  ";"";"0";"http://www.madrid.es/vgn-ext-templating/v/index.jsp?vgnextchannel=9e4c43db40317010VgnVCM100000dc0ca8c0RCRD&vgnextoid=8c17c067ba072410VgnVCM1000000b205a0aRCRD";"RAFAEL ALBERTI";"AVENIDA";"V";"4";"";"";"";"";"MADRID";"MADRID";"28038";"PALOMERAS SURESTE";"PUENTE DE VALLECAS";"445937";"4471586";"40.39124064781942";"-3.6382994160654505";"913 807 370                       
";"";"";"/contenido/entidadesYorganismos/CentrosAtencionSocialPersonasDiscapacidad/CentrosOcupacionalesPersonasDiscapacidad"; 
1143;"Centro de día y ocupacional para personas con discapacidad intelectual Manos Tendidas";"Centro de atención diurna, cuya finalidad es el desarrollo de habilidades profesionales, personales, y sociales. ";"";"";"Bus: 23, 62, 88, 123, 148, 156";"";"0";"http://www.madrid.es/vgn-ext-templating/v/index.jsp?vgnextchannel=9e4c43db40317010VgnVCM100000dc0ca8c0RCRD&vgnextoid=d9ce1e79ee71c010VgnVCM1000000b205a0aRCRD";"RICARDO DAMAS";"CALLE";"V";"3";"";"";"";"";"MADRID";"MADRID";"28045";"LEGAZPI";"ARGANZUELA";"441148";"4471160";"40.38707778743185";"-3.6946831366154322";"914 671 670 / 918 711 538";"914 674 242";"fundacion@manostendidas.org";"/contenido/entidadesYorganismos/CentrosAtencionSocialPersonasDiscapacidad/CentrosOcupacionalesPersonasDiscapacidad"; 
133636;"Centro de día y residencia para personas con discapacidad intelectual Dos de Mayo";"";"";"";"Bus: 150, 174";"  Tipología:  personas con discapacidad intelectual y trastornos asociados gravemente afectados, a partir de 18 años.  ";"0";"http://www.madrid.es/vgn-ext-templating/v/index.jsp?vgnextchannel=9e4c43db40317010VgnVCM100000dc0ca8c0RCRD&vgnextoid=7e7e15a11a81c010VgnVCM1000000b205a0aRCRD";"OÑA";"CALLE";"V";"1";"";"";"";"";"MADRID";"MADRID";"28050";"VALDEFUENTES";"HORTALEZA";"443390";"4482430";"40.488759291577466";"-3.6692759234018726";"913 839 927 / 89 62 / 97 11 / 83 93 ";"917 669 541";"";"/contenido/entidadesYorganismos/CentrosAtencionSocialPersonasDiscapacidad/CentrosDiasPersonasDiscapacidad"; 
133640;"Centro de día y residencia para personas con discapacidad intelectual Mirasierra";"";"";"";"Bus: 49, 134";"  Tipología:  personas con discapacidad intelectual severos y profundos con edades comprendidas entre los 18 y los 60 años.  ";"0";"http://www.madrid.es/vgn-ext-templating/v/index.jsp?vgnextchannel=9e4c43db40317010VgnVCM100000dc0ca8c0RCRD&vgnextoid=551015a11a81c010VgnVCM1000000b205a0aRCRD";"LA MASO";"CALLE";"V";"40";"";"";"";"";"MADRID";"MADRID";"28034";"MIRASIERRA";"FUENCARRAL-EL PARDO";"439585";"4482477";"40.48891397639459";"-3.714174858198665";"917 398 700 / 917 397 885";"917 397 897";"";"/contenido/entidadesYorganismos/CentrosAtencionSocialPersonasDiscapacidad/CentrosDiasPersonasDiscapacidad"; 
1417;"Centro de día y residencial de Atención al Paralítico Cerebral (ATENPACE)";"";"";"";"Bus: 42, 64, 83, 133";"";"0";"http://www.madrid.es/vgn-ext-templating/v/index.jsp?vgnextchannel=9e4c43db40317010VgnVCM100000dc0ca8c0RCRD&vgnextoid=f25376172d71c010VgnVCM1000000b205a0aRCRD";"ISLAS MARQUESAS";"CALLE";"V";"27";"";"";"";"";"MADRID";"MADRID";"28035";"PEÑA GRANDE";"FUENCARRAL-EL PARDO";"438539";"4481092";"40.47636052326793";"-3.7263818702595626";"913 167 446";"913 163 215";"";"/contenido/entidadesYorganismos/CentrosAtencionSocialPersonasDiscapacidad/CentrosDiasPersonasDiscapacidad"; 
7190893;"Centro de día, ocupacional y residencia 3 Olivos para personas con discapacidad intelectual de la Fundación Síndrome de Down";"";"";"";" Metro: Tres Olivos (línea 10)   Bus: 66, 137  ";"";"0";"http://www.madrid.es/vgn-ext-templating/v/index.jsp?vgnextchannel=9e4c43db40317010VgnVCM100000dc0ca8c0RCRD&vgnextoid=4b4cdffb91072410VgnVCM1000000b205a0aRCRD";"CUEVA DE MONTESINOS";"CALLE";"V";"45";"";"";"";"";"MADRID";"MADRID";"28034";"VALVERDE";"FUENCARRAL-EL PARDO";"441457";"4483670";"40.499795345175585";"-3.6921978697844042";"629 410 839 ";"";"";"/contenido/entidadesYorganismos/CentrosAtencionSocialPersonasDiscapacidad/CentrosOcupacionalesPersonasDiscapacidad"; 
7191698;"Centro de día, ocupacional y residencia Ande Punto";"";"";"";" Bus: 6, 60, 78, 81   ";"";"0";"http://www.madrid.es/vgn-ext-templating/v/index.jsp?vgnextchannel=9e4c43db40317010VgnVCM100000dc0ca8c0RCRD&vgnextoid=ec7b7006ac072410VgnVCM1000000b205a0aRCRD";"RAFAELA YBARRA";"AVENIDA";"V";"75";"BAJO";"";"";"";"MADRID";"MADRID";"28026";"PRADOLONGO";"USERA";"439712";"4470212";"40.37843484951819";"-3.7115108307648805";"914 674 221";"";"";"/contenido/entidadesYorganismos/CentrosAtencionSocialPersonasDiscapacidad/CentrosOcupacionalesPersonasDiscapacidad"; 
39745;"Centro de día, ocupacional y residencia para personas con discapacidad intelectual Götze";"";"";"";"Bus: 160, 161";" Sectores atendidos: personas con discapacidad intelectual de edades comprendidas entre los 18 (excepcionalmente 16) y los 60 años.   ";"0";"http://www.madrid.es/vgn-ext-templating/v/index.jsp?vgnextchannel=9e4c43db40317010VgnVCM100000dc0ca8c0RCRD&vgnextoid=043bf0bde551c010VgnVCM2000000c205a0aRCRD";"CASTILLA";"CARRETERA";"";"KM 5";"";"";"";"";"MADRID";"MADRID";"28040";"ARAVACA";"MONCLOA-ARAVACA";"435427";"4478168";"40.449783762790766";"-3.762794547009638";"913 070 058 / 913 070 149";"913 078 853";"";"/contenido/entidadesYorganismos/CentrosAtencionSocialPersonasDiscapacidad/CentrosOcupacionalesPersonasDiscapacidad"; 
133674;"Centro de día, ocupacional y residencia para personas con discapacidad intelectual San Vicente";"";"";"";"Bus: 6, 60, 78, 81";"  Tipología:  personas con discapacidad intelectual de edades entre 18 y 60 años.  ";"0";"http://www.madrid.es/vgn-ext-templating/v/index.jsp?vgnextchannel=9e4c43db40317010VgnVCM100000dc0ca8c0RCRD&vgnextoid=30ff15a11a81c010VgnVCM1000000b205a0aRCRD";"RAFAELA YBARRA";"AVENIDA";"V";"75";"";"";"";"";"MADRID";"MADRID";"28026";"PRADOLONGO";"USERA";"439712";"4470212";"40.37843484951819";"-3.7115108307648805";"915 691 606";"915 609 252";"contacto@fundacion-ande.com";"/contenido/entidadesYorganismos/CentrosAtencionSocialPersonasDiscapacidad/CentrosOcupacionalesPersonasDiscapacidad"; 
133523;"Centro de día, ocupacional y residencia para personas con discapacidad intelectual Ángel de la Guarda";"";"";"";"Bus: 106";"  Tipología : personas con discapacidad intelectual con edades comprendidas entre los 18 (excepcionalmente 16) y los 60 años. ";"0";"http://www.madrid.es/vgn-ext-templating/v/index.jsp?vgnextchannel=9e4c43db40317010VgnVCM100000dc0ca8c0RCRD&vgnextoid=0db615a11a81c010VgnVCM1000000b205a0aRCRD";"DAROCA";"AVENIDA";"NUM";"60";"";"";"";"";"MADRID";"MADRID";"28017";"VENTAS";"CIUDAD LINEAL";"444761";"4475813";"40.42924259133015";"-3.6525226176295886";"914 047 504";"914 033 897";"";"/contenido/entidadesYorganismos/CentrosAtencionSocialPersonasDiscapacidad/CentrosOcupacionalesPersonasDiscapacidad"; 
7190391;"Centro de día, Residencia y Centro ocupacional para personas con discapacidad intelectual Fundación Betesda";"";"";"";" Metro: Pinar del Rey (línea 8)   Bus: 9, 72, 87  ";"";"0";"http://www.madrid.es/vgn-ext-templating/v/index.jsp?vgnextchannel=9e4c43db40317010VgnVCM100000dc0ca8c0RCRD&vgnextoid=e4bd0deb6cf62410VgnVCM1000000b205a0aRCRD";"GRAN VIA DE HORTALEZA";"AVENIDA";"V";"27";"";"";"";"";"MADRID";"MADRID";"28043";"PINAR DEL REY";"HORTALEZA";"444918";"4480056";"40.4674761751366";"-3.651040562118116";"913 882 501 / 609 551 078 ";"913 882 664";"";"/contenido/entidadesYorganismos/CentrosAtencionSocialPersonasDiscapacidad/CentrosDiasPersonasDiscapacidad"; 
35004;"Centro de Recuperación de  Personas con Discapacidad Física (CRMF) de Madrid";" Centro de ámbito estatal gestionado por el  Imserso  dedicado a la prestación de servicios recuperadores de contenido médico-funcional, psico-social y de orientación y formación profesional ocupacional para personas con discapacidad física o sensorial en edad laboral. Dichos servicios se ofrecen en régimen de internado, media pensión o ambulatorio, de acuerdo con las circunstancias personales y necesidades de las personas usuarias.  ";"De lunes a viernes de 9 a 14 horas";"  De alojamiento:    Residencia  Manutención    Para el desarrollo integral de los usuarios:    Rehabilitación  Formación cultural y profesional  Actividades de ocio, tiempo libre y deporte  ";" Metro: Portazgo (línea 1)  Bus: 54, 103, 136, 141, 143 ";"  Beneficiarios y requisitos:  podrán solicitar el ingreso, en régimen de internado o de media pensión, las personas con discapacidad física y/o sensorial que reúnan los siguientes requisitos:   Tener el grado de discapacidad reconocido.  No padecer enfermedad infecto-contagiosa ni necesitar atención de forma continuada en instituciones sanitarias.  No padecer trastornos mentales que puedan alterar la normal convivencia en el Centro.  Tener la nacionalidad española.  Tener cumplidos dieciséis años. Excepcionalmente podrán ser admitidas personas con discapacidad física y/o sensorial, si su proceso formativo y sus necesidades personales así lo requieren, a partir de los catorce años.  ";"0";"http://www.madrid.es/vgn-ext-templating/v/index.jsp?vgnextchannel=9e4c43db40317010VgnVCM100000dc0ca8c0RCRD&vgnextoid=fc85b3e42751c010VgnVCM2000000c205a0aRCRD";"VALDERRIBAS";"CAMINO";"V";"113";"";"";"";"";"MADRID";"MADRID";"28038";"NUMANCIA";"PUENTE DE VALLECAS";"444343";"4472010";"40.39495509876054";"-3.6571168735351915";"914 781 011   
";"914 789 023";"crmf.madrid@imserso.es";"/contenido/entidadesYorganismos/CentrosAtencionSocialPersonasDiscapacidad/CentrosDiasPersonasDiscapacidad"; 
2022;"Centro de Referencia Estatal de Autonomía Personal y Ayudas Técnicas (CEAPAT)";"";"";"";"Bus: 10, 57, 144";"";"0";"http://www.madrid.es/vgn-ext-templating/v/index.jsp?vgnextchannel=9e4c43db40317010VgnVCM100000dc0ca8c0RCRD&vgnextoid=afdd1e79ee71c010VgnVCM1000000b205a0aRCRD";"EXTREMEÑOS";"CALLE";"V";"1";"";"";"";"";"MADRID";"MADRID";"28018";"PALOMERAS SURESTE";"PUENTE DE VALLECAS";"445297";"4470957";"40.38553235441293";"-3.6457857104179094";"917 033 100 / 901 109 899 ";"917 784 117";"ceapat@imserso.es";"/contenido/entidadesYorganismos/ArchivosCentrosDocumentacion"; 
179797;"Centro ocupacional Afanias las Victorias";"Servicio de atención diurna cuya finalidad consiste en la habilitación profesional, el desarrollo personal y la integración social de las personas cuya discapacidad les impide de forma provisional o definitiva integrarse laboral y/o socialmente. ";"";"";" Metro: Valdeacederas (línea 1)   Bus: 49, 66, 124 ";"";"0";"http://www.madrid.es/vgn-ext-templating/v/index.jsp?vgnextchannel=9e4c43db40317010VgnVCM100000dc0ca8c0RCRD&vgnextoid=6ecfdef5ab41c010VgnVCM2000000c205a0aRCRD";"FRAY JUNIPERO SERRA";"CALLE";"V";"27";"BAJO";"";"";"";"MADRID";"MADRID";"28039";"VALDEACEDERAS";"TETUAN";"440741";"4479755";"40.464476636565784";"-3.7002805981898588";"915 711 735 / 915 715 216";"915 711 735";"";"/contenido/entidadesYorganismos/CentrosAtencionSocialPersonasDiscapacidad/CentrosOcupacionalesPersonasDiscapacidad"; 
7192542;"Centro ocupacional Fundación Prodis para personas con discapacidad intelectual";"";"";"";"Bus: 8, 71, 100, 130 ";"";"0";"http://www.madrid.es/vgn-ext-templating/v/index.jsp?vgnextchannel=9e4c43db40317010VgnVCM100000dc0ca8c0RCRD&vgnextoid=ce229e3465572410VgnVCM2000000c205a0aRCRD";"INDALECIO PRIETO";"BULEVAR";"V";"2";"";"";"";"";"MADRID";"MADRID";"28032";"CASCO H.VICALVARO";"VICALVARO";"447532";"4473134";"40.40528825008823";"-3.6196350459744657";"913 715 351";"917 419 576";"";"/contenido/entidadesYorganismos/CentrosAtencionSocialPersonasDiscapacidad/CentrosOcupacionalesPersonasDiscapacidad"; 
7827408;"Centro ocupacional Jardines de España";"";"";"";" Bus: 173, 174, 176 ";"";"0";"http://www.madrid.es/vgn-ext-templating/v/index.jsp?vgnextchannel=9e4c43db40317010VgnVCM100000dc0ca8c0RCRD&vgnextoid=1a97fb625b9ca410VgnVCM2000000c205a0aRCRD";"BURGOS";"AVENIDA";"V";"85";"";"";"";"";"MADRID";"MADRID";"28050";"VALVERDE";"FUENCARRAL-EL PARDO";"442985";"4482512";"40.489470209915496";"-3.674061858174957";"917 667 121 / 629 067 501";"913 839 882";"";"/contenido/entidadesYorganismos/CentrosAtencionSocialPersonasDiscapacidad/CentrosOcupacionalesPersonasDiscapacidad"; 
7827509;"Centro ocupacional Nuestra Señora del Camino III, C.O.";"";"";"";" Bus: 64, 82, 126, 127, 132 ";"";"0";"http://www.madrid.es/vgn-ext-templating/v/index.jsp?vgnextchannel=9e4c43db40317010VgnVCM100000dc0ca8c0RCRD&vgnextoid=ad45dfec3c9ca410VgnVCM2000000c205a0aRCRD";"NUEVA CALEDONIA";"CALLE";"V";"14";"";"";"";"";"MADRID";"MADRID";"28035";"CIUDAD UNIVERSITARIA";"MONCLOA-ARAVACA";"438946";"4479507";"40.46211235641";"-3.7214278540928607";"914 596 344";"914 506 854";"";"/contenido/entidadesYorganismos/CentrosAtencionSocialPersonasDiscapacidad/CentrosOcupacionalesPersonasDiscapacidad"; 
11941;"Centro ocupacional para discapacitados intelectuales San Pedro Apostol";"Centro de atención diurna cuya finalidad es el desarrollo de habilidades profesionales, personales y sociales. ";"";"";"Bus: 101, 105, 115";"";"0";"http://www.madrid.es/vgn-ext-templating/v/index.jsp?vgnextchannel=9e4c43db40317010VgnVCM100000dc0ca8c0RCRD&vgnextoid=9bb466051361c010VgnVCM1000000b205a0aRCRD";"JUBILADO";"PLAZA";"V";"7";"";"";"";"";"MADRID";"MADRID";"28042";"CASCO H.BARAJAS";"BARAJAS";"451202";"4480748";"40.47410386462123";"-3.5769721317735548";"913 056 074";"";"";"/contenido/entidadesYorganismos/CentrosAtencionSocialPersonasDiscapacidad/CentrosOcupacionalesPersonasDiscapacidad"; 
133522;"Centro ocupacional para personas con discapaciad intelectual Ciudad Lineal";"";"";"";" Bus: 11, 21, 114, 115, 122, 200 ";" Tipología:  personas con discapacidad intelectual de edades comprendidas entre los 18 (excepcionalmente 16) y 60 años. ";"0";"http://www.madrid.es/vgn-ext-templating/v/index.jsp?vgnextchannel=9e4c43db40317010VgnVCM100000dc0ca8c0RCRD&vgnextoid=e3186da0aa81c010VgnVCM1000000b205a0aRCRD";"JOSEFA VALCARCEL";"CALLE";"V";"1";"";"";"";"";"MADRID";"MADRID";"28027";"SAN PASCUAL";"CIUDAD LINEAL";"445067";"4477898";"40.448045699169";"-3.649095952119552";"917 422 201";"913 201 177";"";"/contenido/entidadesYorganismos/CentrosAtencionSocialPersonasDiscapacidad/CentrosOcupacionalesPersonasDiscapacidad"; 
11917;"Centro ocupacional para personas con discapacidad intelectual Aluche";"";"";"";"Bus: 17, 34, 39, 117, 139";" Tipología:  personas entre 18 y 60 años con deficiencia mental ligera, moderada, o severa sin transtornos graves asociados que impidan desarrollar una actividad ocupacional.";"0";"http://www.madrid.es/vgn-ext-templating/v/index.jsp?vgnextchannel=9e4c43db40317010VgnVCM100000dc0ca8c0RCRD&vgnextoid=f72466051361c010VgnVCM1000000b205a0aRCRD";"RAFAEL FINAT";"CALLE";"V";"48";"";"";"";"";"MADRID";"MADRID";"28044";"LAS AGUILAS";"LATINA";"434617";"4470233";"40.378239183007324";"-3.771529019692818";"917 062 921";"917 067 090";"";"/contenido/entidadesYorganismos/CentrosAtencionSocialPersonasDiscapacidad/CentrosOcupacionalesPersonasDiscapacidad"; 
35013;"Centro ocupacional para personas con discapacidad intelectual Amanecer";"";"";"";"Bus: 1, 9, 73";"";"0";"http://www.madrid.es/vgn-ext-templating/v/index.jsp?vgnextchannel=9e4c43db40317010VgnVCM100000dc0ca8c0RCRD&vgnextoid=e087b3e42751c010VgnVCM2000000c205a0aRCRD";"MATILDE DIEZ";"CALLE";"V";"8";"";"";"";"";"MADRID";"MADRID";"28002";"CIUDAD JARDIN";"CHAMARTIN";"442969";"4477673";"40.44587722865534";"-3.673814833189555";"914 133 419";"";"";"/contenido/entidadesYorganismos/CentrosAtencionSocialPersonasDiscapacidad/CentrosOcupacionalesPersonasDiscapacidad"; 
133713;"Centro ocupacional para personas con discapacidad intelectual Estar 5. Calle Camino Hormigueras";"Centro de atención para personas con discapacidad intelectual entre 18 y 60 años cuya finalidad es el desarrollo de habillidades personales, sociales y laborales. ";"";"";"Bus: 130";"";"0";"http://www.madrid.es/vgn-ext-templating/v/index.jsp?vgnextchannel=9e4c43db40317010VgnVCM100000dc0ca8c0RCRD&vgnextoid=06986da0aa81c010VgnVCM1000000b205a0aRCRD";"HORMIGUERAS";"CAMINO";"V";"122";"4";"";"";"";"MADRID";"MADRID";"28031";"CASCO H.VALLECAS";"VILLA DE VALLECAS";"445397";"4469693";"40.37415200820221";"-3.644499097070304";"913 803 107 / 915 543 637";"";"";"/contenido/entidadesYorganismos/CentrosAtencionSocialPersonasDiscapacidad/CentrosOcupacionalesPersonasDiscapacidad"; 
133712;"Centro Ocupacional para personas con discapacidad intelectual Estar. Calle Los Yébenes";" Centro de atención para personas con discapacidad intelectual entre 18 y 60 años cuya finalidad es el desarrollo de habilidades personales, sociales y laborales.  ";"";"";"Bus: 31, 121";"";"0";"http://www.madrid.es/vgn-ext-templating/v/index.jsp?vgnextchannel=9e4c43db40317010VgnVCM100000dc0ca8c0RCRD&vgnextoid=50886da0aa81c010VgnVCM1000000b205a0aRCRD";"LOS YEBENES";"CALLE";"V";"241";"2";"";"";"";"MADRID";"MADRID";"28047";"ALUCHE";"LATINA";"436348";"4471655";"40.391183407465824";"-3.7512812696024738";"917 194 632 / 915 543 637";"";"";"/contenido/entidadesYorganismos/CentrosAtencionSocialPersonasDiscapacidad/CentrosOcupacionalesPersonasDiscapacidad"; 
7191581;"Centro ocupacional para personas con discapacidad intelectual I.S.F.A.S.";"";"";"";"";"";"0";"http://www.madrid.es/vgn-ext-templating/v/index.jsp?vgnextchannel=9e4c43db40317010VgnVCM100000dc0ca8c0RCRD&vgnextoid=7f6bc067ba072410VgnVCM1000000b205a0aRCRD";"VENTA DE LA RUBIA";"CARRETERA";"V";"1";"";"";"";"";"MADRID";"MADRID";"0";"";"";"430719";"4469906";"";"";"915 091 125";"";"";"/contenido/entidadesYorganismos/CentrosAtencionSocialPersonasDiscapacidad/CentrosOcupacionalesPersonasDiscapacidad"; 
133490;"Centro ocupacional para personas con discapacidad intelectual Juan de Austria";"";"";"";" Metro: Ciudad Lineal (línea 5)   Bus: 4, 38, 48, 70, 77, 104, 105 ";"  Tipología:  personas con discapacidad intelectual con edades comprendidas entre los 18 y los 60 años.  ";"0";"http://www.madrid.es/vgn-ext-templating/v/index.jsp?vgnextchannel=9e4c43db40317010VgnVCM100000dc0ca8c0RCRD&vgnextoid=5a696da0aa81c010VgnVCM1000000b205a0aRCRD";"ARTURO SORIA";"CALLE";"V";"12";"";"";"";"";"MADRID";"MADRID";"28027";"QUINTANA";"CIUDAD LINEAL";"445952";"4476890";"40.439023208828694";"-3.638574248331316";"913 776 162 / 913 775 159";"913 775 157";"";"/contenido/entidadesYorganismos/CentrosAtencionSocialPersonasDiscapacidad/CentrosOcupacionalesPersonasDiscapacidad"; 
11937;"Centro ocupacional para personas con discapacidad intelectual Nazaret";"";"";"";"Bus: 173, 174, 176 ";"";"0";"http://www.madrid.es/vgn-ext-templating/v/index.jsp?vgnextchannel=9e4c43db40317010VgnVCM100000dc0ca8c0RCRD&vgnextoid=8a7466051361c010VgnVCM1000000b205a0aRCRD";"MANOTERAS";"AVENIDA";"V";"1";"";"";"";"";"MADRID";"MADRID";"28050";"VALDEFUENTES";"HORTALEZA";"443233";"4482451";"40.488937726051674";"-3.671130231917999";"913 027 851 / 913 027 853";"917 668 913";"";"/contenido/entidadesYorganismos/CentrosAtencionSocialPersonasDiscapacidad/CentrosOcupacionalesPersonasDiscapacidad"; 
56940;"Centro ocupacional para personas con discapacidad intelectual Pintor Rosales";" Centro de atención para discapacitados intelectuales entre 18 y 60 años cuya finalidad es el desarrollo de habilidades personales, sociales y laborales.  ";"";"";" Metro: Arg&uuml;elles (línea 3, 4 y 6)   Bus: 21, 74 ";"";"0";"http://www.madrid.es/vgn-ext-templating/v/index.jsp?vgnextchannel=9e4c43db40317010VgnVCM100000dc0ca8c0RCRD&vgnextoid=637a8ed67151c010VgnVCM2000000c205a0aRCRD";"MARQUES DE URQUIJO";"CALLE";"V";"47";"";"";"";"";"MADRID";"MADRID";"28008";"ARGUELLES";"MONCLOA-ARAVACA";"438941";"4475820";"40.42889804715094";"-3.7211317554048358";"915 543 637";"";"";"/contenido/entidadesYorganismos/CentrosAtencionSocialPersonasDiscapacidad/CentrosOcupacionalesPersonasDiscapacidad"; 
29854;"Centro Ocupacional para Personas con Discapacidad Intelectual Villaverde";"";" De lunes a viernes de 9 a 16,30 horas ";" En Centro Ocupacional pertenece a la red pública de centros de la Comunidad de Madrid. Está gestionado por la Asociación de Familias de Niños Diferentes con Cuidados Especiales (AFANDICE), y presta los siguientes servicios:   Transporte  Comedor    Atención diurna   Talleres de manipulados, madera y enmarcados, encuadernación   Programa individual de habilitación laboral, personal y social  ";"Bus: 22 , 79 , 130 , 131";"   Tipología de usuarios  Personas con discapacidad intelectual, con o sin trastornos asociados, de edades comprendidas entre los 18 y los 60 años.   Plazas  El centro dispone de 80 plazas   Ámbito de actuación  Distritos de Villaverde (prioritario), Carabanchel , Puente de Vallecas y Usera  ";"1";"http://www.madrid.es/vgn-ext-templating/v/index.jsp?vgnextchannel=9e4c43db40317010VgnVCM100000dc0ca8c0RCRD&vgnextoid=3b67b3e42751c010VgnVCM2000000c205a0aRCRD";"BASCUÑUELOS";"CALLE";"V";"1";"";"";"";"";"MADRID";"MADRID";"28021";"SAN ANDRES";"VILLAVERDE";"439855";"4465998";"40.34048317421098";"-3.709428322651539";"915 052 660";"901 706 051";"secretaria.covillaverde@afandice.org";"/contenido/entidadesYorganismos/CentrosAtencionSocialPersonasDiscapacidad/CentrosOcupacionalesPersonasDiscapacidad"; 
11942;"Centro ocupacional personas con discapacidad intelectual Fundación Aprocor II";"Centro ocupacional de atención diurna, cuya finalidad es el desarrollo de habilidades profesionales, personales y sociales.";"";"";" Metro: Las Tablas (línea 10)    Bus: 176  ";" Sectores atendidos:   personas con discapacidad intelectual mayores de 18 años ";"0";"http://www.madrid.es/vgn-ext-templating/v/index.jsp?vgnextchannel=9e4c43db40317010VgnVCM100000dc0ca8c0RCRD&vgnextoid=ad3466051361c010VgnVCM1000000b205a0aRCRD";"FROMISTA";"CALLE";"V";"13";"";"";"";"";"MADRID";"MADRID";"28050";"VALVERDE";"FUENCARRAL-EL PARDO";"442951";"4484833";"40.51037635796487";"-3.67467246143936";"913 886 412 / 690 012 767 ";"";"enunes@fundacionaprocor.com";"/contenido/entidadesYorganismos/CentrosAtencionSocialPersonasDiscapacidad/CentrosOcupacionalesPersonasDiscapacidad"; 
7827380;"Centro ocupacional San Fernando";"";"";"";" Metro: Almendrales (línea 3)  Bus: 6, 78 ";"";"0";"http://www.madrid.es/vgn-ext-templating/v/index.jsp?vgnextchannel=9e4c43db40317010VgnVCM100000dc0ca8c0RCRD&vgnextoid=6fdbfb625b9ca410VgnVCM2000000c205a0aRCRD";"CRISTO DE LA VICTORIA";"CALLE";"V";"1";"";"";"";"";"MADRID";"MADRID";"28026";"ALMENDRALES";"USERA";"440712";"4470629";"40.38226328626074";"-3.6997701685582576";"914 674 221";"";"";"/contenido/entidadesYorganismos/CentrosAtencionSocialPersonasDiscapacidad/CentrosOcupacionalesPersonasDiscapacidad"; 
133488;"Centro ocupacional y residencia Carabanchel";"";"";"";" Metro: Oporto (líneas 5, 6)  Bus: 34, 35, 247  ";"  Tipología:  personas con discapacidad intelectual mayores de 18 (excepcionalmente 16) hasta los 60 años.   ";"0";"http://www.madrid.es/vgn-ext-templating/v/index.jsp?vgnextchannel=9e4c43db40317010VgnVCM100000dc0ca8c0RCRD&vgnextoid=dfd86da0aa81c010VgnVCM1000000b205a0aRCRD";"GENERAL RICARDOS";"CALLE";"V";"177";"";"";"";"";"MADRID";"MADRID";"28025";"PUERTA BONITA";"CARABANCHEL";"437597";"4470980";"40.385197375260255";"-3.7364997414123096";"914 666 211 / 67 21            
";"914 611 802";"";"/contenido/entidadesYorganismos/CentrosAtencionSocialPersonasDiscapacidad/CentrosOcupacionalesPersonasDiscapacidad"; 
11928;"Centro ocupacional y residencia para discapacitados intelectuales Nuestra Señora del Camino";"Centro de atención diurna cuya finalidad es el desarrollo de habilidades profesionales, personales y sociales. ";"";"";"Bus: 133, 134";"";"0";"http://www.madrid.es/vgn-ext-templating/v/index.jsp?vgnextchannel=9e4c43db40317010VgnVCM100000dc0ca8c0RCRD&vgnextoid=309466051361c010VgnVCM1000000b205a0aRCRD";"COLLADO DE TIROBARRA";"CALLE";"V";"4";"";"";"";"";"MADRID";"MADRID";"28034";"MIRASIERRA";"FUENCARRAL-EL PARDO";"439438";"4483165";"40.49510097628763";"-3.715975152388562";"917 364 794";"917 348 457";"";"/contenido/entidadesYorganismos/CentrosAtencionSocialPersonasDiscapacidad/CentrosOcupacionalesPersonasDiscapacidad"; 
133361;"Centro ocupacional y residencia para personas con discapacidad intelectual Barajas";"";"";"";" Bus: 226, 227, 229 (desde Avenida de Ámerica) ";"";"0";"http://www.madrid.es/vgn-ext-templating/v/index.jsp?vgnextchannel=9e4c43db40317010VgnVCM100000dc0ca8c0RCRD&vgnextoid=ae9715a11a81c010VgnVCM1000000b205a0aRCRD";"ZAOREJAS";"CALLE";"V";"3";"";"";"";"";"MADRID";"MADRID";"28042";"AEROPUERTO";"BARAJAS";"453347";"4477996";"40.44943556636194";"-3.5514657324864976";"917 473 311";"917 479 658";"";"/contenido/entidadesYorganismos/CentrosAtencionSocialPersonasDiscapacidad/CentrosOcupacionalesPersonasDiscapacidad"; 
7191232;"Centro ocupacional Ángeles Urbanos Hortaleza para personas con discapacidad intelectual";"";"";"";" Metro: Canillas (línea 4)   Bus: 73, 120  ";"";"0";"http://www.madrid.es/vgn-ext-templating/v/index.jsp?vgnextchannel=9e4c43db40317010VgnVCM100000dc0ca8c0RCRD&vgnextoid=b9848f0794072410VgnVCM1000000b205a0aRCRD";"JOSE ALVAREZ DE TOLEDO";"CALLE";"V";"6";"Baja";"";"";"";"MADRID";"MADRID";"28043";"PIOVERA";"HORTALEZA";"446766";"4479477";"40.4623809566974";"-3.6291942919461477";"";"";"";"/contenido/entidadesYorganismos/CentrosAtencionSocialPersonasDiscapacidad/CentrosOcupacionalesPersonasDiscapacidad"; 
7827516;"Estudios Asura Residencia para Discapacitados";"";"";"";" Metro: Arturo Soria (línea 4)  Bus: 11, 70, 120,122 ";"";"0";"http://www.madrid.es/vgn-ext-templating/v/index.jsp?vgnextchannel=9e4c43db40317010VgnVCM100000dc0ca8c0RCRD&vgnextoid=44cc7c8c2e9ca410VgnVCM2000000c205a0aRCRD";"ASURA";"CALLE";"V";"74";"";"";"";"";"MADRID";"MADRID";"28043";"PIOVERA";"HORTALEZA";"444722";"4478779";"40.45595928183679";"-3.6532409731306004";"913 005 153";"";"";"/contenido/entidadesYorganismos/CentrosAtencionSocialPersonasDiscapacidad/ResidenciasPersonasDiscapacidad"; 
7828344;"Estudios Sobradiel Residencia para personas con discapacidad";"";"";"";"";"";"0";"http://www.madrid.es/vgn-ext-templating/v/index.jsp?vgnextchannel=9e4c43db40317010VgnVCM100000dc0ca8c0RCRD&vgnextoid=1c3a0e4553eca410VgnVCM1000000b205a0aRCRD";"SOBRADIEL";"RONDA";"V";"83";"";"";"";"";"MADRID";"MADRID";"28043";"PIOVERA";"HORTALEZA";"445308";"4478481";"40.45331359169497";"-3.646304439483452";"913 885 627";"";"";"/contenido/entidadesYorganismos/CentrosAtencionSocialPersonasDiscapacidad/ResidenciasPersonasDiscapacidad"; 
6858752;"Federación Autismo Madrid";" Nuestro ámbito de actuación se centra en la defensa y atención al colectivo de las personas con  TEA , ya sean menores o adultos, y sus familias en la Comunidad de Madrid, dirigiéndose, además, a las asociaciones que trabajan por y para las personas con autismo, a los profesionales que trabajan en el ámbito del autismo y a las entidades y organizaciones que prestan servicios a las personas con  TEA  y sus familias en la Comunidad de Madrid, junto con las administraciones públicas con las que trabajamos. ";" Lunes a jueves de 9 a 14 y de 15 a 18 horas  Viernes de 9 a 14 horas ";"  Servicio de información y asesoramiento sobre  TEA   a familias, entidades, profesionales  y la Administración  Participación comunitaria  Promoción de la investigación, el conocimiento y la innovación en todas las áreas necesarias para mejorar la calidad de vida de las personas con autismo  Promoción de los derechos y protección social de las personas con autismo mediante programas que contribuyan a hacer realidad los derechos de las personas con  TEA  , facilitando los apoyos necesarios a los familiares y organizaciones que se encargan de su cuidado y atención.  Fomento del trabajo en red entre las entidades que conforman la Federación Autismo Madrid y el resto del tejido asociativo.  ";"";" La Federación Autismo Madrid tiene como objetivos:   Mejorar la calidad de vida de las personas con autismo y sus familias, en la Comunidad de Madrid  Promover que la atención y la intervención que se les dispense tenga como finalidad la búsqueda de la felicidad y el bienestar en el marco de los siguientes principios:   Máxima autonomía personal  Normalización  Igualdad de oportunidades  No discriminación  Plena integración social y laboral    ";"1";"http://www.madrid.es/vgn-ext-templating/v/index.jsp?vgnextchannel=9e4c43db40317010VgnVCM100000dc0ca8c0RCRD&vgnextoid=55dc5b6fb395d310VgnVCM1000000b205a0aRCRD";"MORALZARZAL";"CALLE";"V";"55";"";"";"";"";"MADRID";"MADRID";"28034";"MIRASIERRA";"FUENCARRAL-EL PARDO";"439914";"4482915";"40.49288355330488";"-3.710334655987315";"913 720 545 695 583 253";"";"info@autismomadrid.es";"/contenido/entidadesYorganismos/CentrosAtencionSocialPersonasDiscapacidad"; 
133438;"Fundación, centro ocupacional y residencia Alas Moratalaz";"Educación, rehabilitación y tutela de los que padezcan deficiencias de carácter mental, que les imposibilite la instrucción e integración social al ritmo y capacidad de personas normales. ";"";"";" Metro: Pavones (línea 9)  Bus: 8, 20, 142, 144 ";"";"0";"http://www.madrid.es/vgn-ext-templating/v/index.jsp?vgnextchannel=9e4c43db40317010VgnVCM100000dc0ca8c0RCRD&vgnextoid=85f86da0aa81c010VgnVCM1000000b205a0aRCRD";"ENCOMIENDA DE PALACIOS";"CALLE";"V";"235";"";"";"";"";"MADRID";"MADRID";"28030";"PAVONES";"MORATALAZ";"446190";"4472286";"40.39756310627046";"-3.635377861197087";"917 724 300";"917 734 768";"";"/contenido/entidadesYorganismos/FundacionesSociales"; 
12168;"Hospital Fundación Instituto San José";"";"";"  Rehabilitación  Enfermedades Neurológicas  Cuidados Paliativos  Cuidados Especiales  Residencia  Centro de día, centro ocupacional y residencia para personas con discapacidad intelectual y/o física.   ";" Bus: 483, 486, 487  Metro: Aluche (línea 5), La Peseta (línea 11) ";"";"1";"http://www.madrid.es/vgn-ext-templating/v/index.jsp?vgnextchannel=9e4c43db40317010VgnVCM100000dc0ca8c0RCRD&vgnextoid=e8e3e1635561c010VgnVCM1000000b205a0aRCRD";"PINAR DE SAN JOSE";"CALLE";"V";"98";"";"";"";"";"MADRID";"MADRID";"28054";"CUATRO VIENTOS";"LATINA";"434315";"4468442";"40.36208135098422";"-3.774901548263788";"915 080 140 / 41 / 42";"915 083 760";"fisj@ohsjd.es";"/contenido/entidadesYorganismos/CentrosAtencionSocialPersonasDiscapacidad/CentrosOcupacionalesPersonasDiscapacidad"; 
7827714;"Residencia Medinaceli Ramírez Tomé";"";"";"";" Metro: Alto del Arenal (línea 1)  Bus: 57, 58, 103, 143 ";"";"0";"http://www.madrid.es/vgn-ext-templating/v/index.jsp?vgnextchannel=9e4c43db40317010VgnVCM100000dc0ca8c0RCRD&vgnextoid=b6598e738bdca410VgnVCM1000000b205a0aRCRD";"RAMIREZ TOME";"CALLE";"V";"38";"";"";"";"";"MADRID";"MADRID";"28038";"PORTAZGO";"PUENTE DE VALLECAS";"445238";"4471318";"40.388780583826545";"-3.6465118794444407";"918 154 470 / 639 766 966";"918 154 471";"";"/contenido/entidadesYorganismos/CentrosAtencionSocialPersonasDiscapacidad/ResidenciasPersonasDiscapacidad"; 
11919;"Residencia para personas con discapacidad física de la Confederación Estatal de Minusválidos Físicos de España COCEMFE";"";"";"";" Metro: Prosperidad (línea 4)  Bus: 16, 29, 52 ";"  Acceso: s e tramita en los Centros de Servicios Sociales   Sectores atendidos:  discapacitados físicos residentes en el territorio de la Comunidad de Madrid, que precisen una estancia temporal   Prestaciones:  alojamiento ";"0";"http://www.madrid.es/vgn-ext-templating/v/index.jsp?vgnextchannel=9e4c43db40317010VgnVCM100000dc0ca8c0RCRD&vgnextoid=f88072081661c010VgnVCM1000000b205a0aRCRD";"EUGENIO SALAZAR";"CALLE";"V";"2";"";"";"";"";"MADRID";"MADRID";"28002";"PROSPERIDAD";"CHAMARTIN";"443045";"4477503";"40.44435100627275";"-3.672903416156509";"914 138 001";"914 169 999";"residencia@cocemfe.es";"/contenido/entidadesYorganismos/CentrosAtencionSocialPersonasDiscapacidad/ResidenciasPersonasDiscapacidad"; 
108506;"Residencia para personas con discapacidad intelectual La Peineta Cepri";"";"";"";"Bus: 140, 153";" Tipología: personas con discapacidad intelectual gravemente afectados del espectro autista.  ";"0";"http://www.madrid.es/vgn-ext-templating/v/index.jsp?vgnextchannel=9e4c43db40317010VgnVCM100000dc0ca8c0RCRD&vgnextoid=eb6e15a11a81c010VgnVCM1000000b205a0aRCRD";"ZURICH";"CALLE";"V";"41";"";"";"";"";"MADRID";"MADRID";"28022";"ROSAS";"SAN BLAS-CANILLEJAS";"448883";"4475100";"40.42308348985996";"-3.6038725870466695";"913 135 856 ";"";"";"/contenido/entidadesYorganismos/CentrosAtencionSocialPersonasDiscapacidad/ResidenciasPersonasDiscapacidad"; 
6818168;"Residencia para personas con discapacidad intelectual no grave Belisana";" Servicio de alojamiento permanente para personas con discapacidad intelectual y necesidades de apoyo intermitente o limitado.  ";"";"";" Metro: Arturo Soria (línea 4)   Bus: 120, 122 ";"";"0";"http://www.madrid.es/vgn-ext-templating/v/index.jsp?vgnextchannel=9e4c43db40317010VgnVCM100000dc0ca8c0RCRD&vgnextoid=54e1f6ac0b2dc310VgnVCM1000000b205a0aRCRD";"BELISANA";"CALLE";"V";"22";"";"";"";"";"MADRID";"MADRID";"28043";"CANILLAS";"HORTALEZA";"444730";"4479026";"40.45818491514092";"-3.653168175953767";"913 882 473";"911 730 435";"";"/contenido/entidadesYorganismos/CentrosAtencionSocialPersonasDiscapacidad/ResidenciasPersonasDiscapacidad"; 
35179;"Residencia para personas con discapacidad intelectual San Martín de Porres";"Atención integral y especializada con personas con discapacidad intelectual profunda, moderada o ligera. ";"";"";"";"";"0";"http://www.madrid.es/vgn-ext-templating/v/index.jsp?vgnextchannel=9e4c43db40317010VgnVCM100000dc0ca8c0RCRD&vgnextoid=389b444a2951c010VgnVCM2000000c205a0aRCRD";"WALMAN";"CALLE";"V";"17";"";"";"";"";"MADRID";"MADRID";"28023";"EL PLANTIO";"MONCLOA-ARAVACA";"430242";"4480681";"40.47200161350008";"-3.8242111422888856";"913 077 042";"913 076 030";"";"/contenido/entidadesYorganismos/CentrosAtencionSocialPersonasDiscapacidad/ResidenciasPersonasDiscapacidad"; 
39623;"Residencia y centro cupacional para personas con discapacidad intelectual Afanias Canillejas";"";"";"";"Bus: 28, 140, 153 ";"";"0";"http://www.madrid.es/vgn-ext-templating/v/index.jsp?vgnextchannel=9e4c43db40317010VgnVCM100000dc0ca8c0RCRD&vgnextoid=712bf0bde551c010VgnVCM2000000c205a0aRCRD";"CANILLEJAS A VICALVARO";"AVENIDA";"V";"28";"";"";"";"";"MADRID";"MADRID";"28022";"SIMANCAS";"SAN BLAS-CANILLEJAS";"447958";"4476967";"40.43984509849013";"-3.614929240959037";"917 415 700";"";"secretaria.canillejas@afanias.org";"/contenido/entidadesYorganismos/CentrosAtencionSocialPersonasDiscapacidad/CentrosOcupacionalesPersonasDiscapacidad"; 
4849820;"Residencia y Centro de Día para personas con discapacidad intelectual El Despertar";"";" Todos los días del año las 24 horas del día ";"  Equipamientos:  alojamiento - comedor - piscina climatizada - bañera de hidromasaje - salas multiusos - aulas de trabajo   Servicicios:  cuidado y apoyo personal y social - fisioterapia - terapia ocupacional - tratamiento psicológico - actividades de convivencia  ";" Metro: Empalme (línea 5)  Bus: 36, 39  Renfe: C5 (Fanjul) ";"   Tipología:  personas con parálisis cerebral gravemente afectadas     Plazas:  12 todas concertadas con la CAM  ";"0";"http://www.madrid.es/vgn-ext-templating/v/index.jsp?vgnextchannel=9e4c43db40317010VgnVCM100000dc0ca8c0RCRD&vgnextoid=775b92b6b4ae8110VgnVCM1000000b205a0aRCRD";"ADONIS";"CALLE";"V";"1";"";"";"";"";"MADRID";"MADRID";"28024";"LAS AGUILAS";"LATINA";"434423";"4471165";"40.3866197264309";"-3.773910285133272";"915 188 127 ";"915 188 127";"";"/contenido/entidadesYorganismos/CentrosAtencionSocialPersonasDiscapacidad/CentrosDiasPersonasDiscapacidad"; 
133475;"Residencia y centro ocupacional para personas con discapacidad intelectual Casa Santa Teresa";"";"";"";" Metro: Duque de Pastrana (línea 9)   Bus: 14, 70, 107, 129, 174  ";"";"0";"http://www.madrid.es/vgn-ext-templating/v/index.jsp?vgnextchannel=9e4c43db40317010VgnVCM100000dc0ca8c0RCRD&vgnextoid=31575f463b81c010VgnVCM1000000b205a0aRCRD";"PONIENTE";"CALLE";"V";"10";"";"";"";"";"MADRID";"MADRID";"28036";"CASTILLA";"CHAMARTIN";"442302";"4480145";"40.46810000629408";"-3.681904777790508";"913 020 613";"917 665 333";"";"/contenido/entidadesYorganismos/CentrosAtencionSocialPersonasDiscapacidad/CentrosOcupacionalesPersonasDiscapacidad"; 
4852632;"Residencia, centro de día y ocupacional para personas con discapacidad intelectual Fundacion San José";"";"";"";" Bus: 483, 486 (desde Intercambiador de Oporto), 487 (desde Intercambiador de Aluche) ";"";"0";"http://www.madrid.es/vgn-ext-templating/v/index.jsp?vgnextchannel=9e4c43db40317010VgnVCM100000dc0ca8c0RCRD&vgnextoid=598ceba6910f8110VgnVCM1000000b205a0aRCRD";"PINAR DE SAN JOSE";"CALLE";"V";"98";"";"";"";"";"MADRID";"MADRID";"28054";"CUATRO VIENTOS";"LATINA";"434315";"4468442";"40.36208135098422";"-3.774901548263788";"915 080 140 / 141 / 142 ";"";"fisj@ohsjd.es";"/contenido/entidadesYorganismos/CentrosAtencionSocialPersonasDiscapacidad/CentrosOcupacionalesPersonasDiscapacidad"; 
35067;"Residencia, centro ocupacional y centro de día para personas con discapacidad intelectual Doctor Quintero Lumbreras";"";"";"";" Bus: 712, 713, 714, 716 (desde Plaza de Castilla)  ";"";"0";"http://www.madrid.es/vgn-ext-templating/v/index.jsp?vgnextchannel=9e4c43db40317010VgnVCM100000dc0ca8c0RCRD&vgnextoid=4ca7b3e42751c010VgnVCM2000000c205a0aRCRD";"COLMENAR VIEJO";"CARRETERA";"V";"13.600";"";"";"";"";"MADRID";"MADRID";"0";"";"";"439661";"4490699";"";"";"917 345 138";"917 351 572";"asociacion.ipp@gmail.com";"/contenido/entidadesYorganismos/CentrosAtencionSocialPersonasDiscapacidad/CentrosDiasPersonasDiscapacidad"; 
34541;"Taller centro ocupacional para personas con discapacidad intelectual Aprocor I";"Centro ocupacional de atención diurna, cuya finalidad es el desarrollo de habilidades profesionales, personales y sociales.";"";"";"Bus: 112, 122, 153 ";"  Sectores atendidos:  personas con discapacidad intelectual mayores de 18 años. ";"0";"http://www.madrid.es/vgn-ext-templating/v/index.jsp?vgnextchannel=9e4c43db40317010VgnVCM100000dc0ca8c0RCRD&vgnextoid=9697b3e42751c010VgnVCM2000000c205a0aRCRD";"ESTEBAN PALACIOS";"CALLE";"V";"12";"";"";"";"";"MADRID";"MADRID";"28043";"PIOVERA";"HORTALEZA";"447354";"4478971";"40.4578601719814";"-3.6222171438810635";"917 598 457";"";"enunes@fundacionaprocor.com";"/contenido/entidadesYorganismos/CentrosAtencionSocialPersonasDiscapacidad/CentrosOcupacionalesPersonasDiscapacidad"; 
7193047;"Taller ocupacional II Ademo para personas con discapacidad intelectual";"";"";"";" Metro: Vinateros (línea 9)   Bus: 30, 32, 113  ";"";"0";"http://www.madrid.es/vgn-ext-templating/v/index.jsp?vgnextchannel=9e4c43db40317010VgnVCM100000dc0ca8c0RCRD&vgnextoid=e707107d4d572410VgnVCM1000000b205a0aRCRD";"CAMINO DE LOS VINATEROS";"CALLE";"V";"59";"";"";"";"";"MADRID";"MADRID";"28030";"MEDIA LEGUA";"MORATALAZ";"444733";"4473742";"40.41058399693762";"-3.6526723679582753";"914 398 118";"";"";"/contenido/entidadesYorganismos/CentrosAtencionSocialPersonasDiscapacidad/CentrosOcupacionalesPersonasDiscapacidad"; 

